Time (Days),Brightness (solar luminosities),Brightness uncertainty (solar luminosities),,Star Mass (solar masses),1.031
0.40135,1.13157852,7.2E-5,,Star Radius (solar radii),1.030
0.80270,1.13151502,7.0E-5
1.20405,1.13161649,7.4E-5
1.47000,1.13168225,7.9E-5
1.47253,1.13156258,8.3E-5
1.47507,1.13156411,8.5E-5
1.47760,1.13157156,7.1E-5
1.48014,1.13159805,8.3E-5
1.48268,1.13152279,7.7E-5
1.48521,1.13165385,7.5E-5
1.48775,1.13165779,7.1E-5
1.49028,1.13160280,7.6E-5
1.49282,1.13148724,7.3E-5
1.49535,1.13154738,7.3E-5
1.49789,1.13149581,8.1E-5
1.50043,1.13143295,8.3E-5
1.50296,1.13148772,6.9E-5
1.50550,1.13161403,8.3E-5
1.50803,1.13160701,7.7E-5
1.51057,1.13159845,7.3E-5
1.51311,1.13157547,7.8E-5
1.51564,1.13155900,7.2E-5
1.51818,1.13159009,7.4E-5
1.52071,1.13153611,8.6E-5
1.52325,1.13143285,7.0E-5
1.52578,1.13156027,8.1E-5
1.52832,1.13151456,7.6E-5
1.53086,1.13168370,7.5E-5
1.53339,1.13155150,8.6E-5
1.53593,1.13160073,8.3E-5
1.53846,1.13156488,8.1E-5
1.54100,1.13169608,7.2E-5
1.54354,1.13166942,7.2E-5
1.54607,1.13156327,8.3E-5
1.54861,1.13159239,8.5E-5
1.55114,1.13156812,7.6E-5
1.55368,1.13156998,7.1E-5
1.55621,1.13157348,7.6E-5
1.55875,1.13160261,7.4E-5
1.56129,1.13156244,8.3E-5
1.56382,1.13158640,8.2E-5
1.56636,1.13160372,7.8E-5
1.56889,1.13165496,8.3E-5
1.57143,1.13156424,7.7E-5
1.57397,1.13158571,7.7E-5
1.57650,1.13161122,8.5E-5
1.57904,1.13149462,7.5E-5
1.58157,1.13151952,8.5E-5
1.58411,1.13157530,8.3E-5
1.58664,1.13159973,7.5E-5
1.58918,1.13156938,7.1E-5
1.59172,1.13149481,8.2E-5
1.59425,1.13156334,8.0E-5
1.59679,1.13153699,7.4E-5
1.59932,1.13161841,7.5E-5
1.60186,1.13146183,6.9E-5
1.60440,1.13152174,7.3E-5
1.60539,1.13160624,7.3E-5
1.60693,1.13160515,7.6E-5
1.60947,1.13160379,7.4E-5
1.61200,1.13154677,7.1E-5
1.61454,1.13153836,7.4E-5
1.61707,1.13153703,7.0E-5
1.61961,1.13146475,7.4E-5
1.62215,1.13156689,8.3E-5
1.62468,1.13157128,7.3E-5
1.62722,1.13160767,7.3E-5
1.62975,1.13164580,7.7E-5
1.63229,1.13151423,7.0E-5
1.63483,1.13154514,8.3E-5
1.63736,1.13158529,8.5E-5
1.63990,1.13159528,7.5E-5
1.64243,1.13151938,7.7E-5
1.64497,1.13159687,8.1E-5
1.64750,1.13148711,8.4E-5
1.65004,1.13165263,7.3E-5
1.65258,1.13164207,7.8E-5
1.65511,1.13157122,8.4E-5
1.65765,1.13163403,7.5E-5
1.66018,1.13154252,7.9E-5
1.66272,1.13161875,8.5E-5
1.66526,1.13165343,8.0E-5
1.66779,1.13157299,7.0E-5
1.67033,1.13164664,8.5E-5
1.67286,1.13163410,7.2E-5
1.67540,1.13150004,7.3E-5
1.67793,1.13162954,7.6E-5
1.68047,1.13153950,7.3E-5
1.68301,1.13163540,7.7E-5
1.68554,1.13161180,7.7E-5
1.68808,1.13154495,8.5E-5
1.69061,1.13159939,8.3E-5
1.69315,1.13166189,8.2E-5
1.69569,1.13151922,7.2E-5
1.69822,1.13154762,7.8E-5
1.70076,1.13151186,8.3E-5
1.70329,1.13160920,7.8E-5
1.70583,1.13164545,7.4E-5
1.70836,1.13164069,7.8E-5
1.71090,1.13149632,7.9E-5
1.71344,1.13158153,7.2E-5
1.71597,1.13161496,8.0E-5
1.71851,1.13160868,7.3E-5
1.72104,1.13164891,7.6E-5
1.72358,1.13146695,7.2E-5
1.72612,1.13157280,7.1E-5
1.72865,1.13161247,7.1E-5
1.73119,1.13159862,8.2E-5
1.73372,1.13169331,7.7E-5
1.73626,1.13160140,7.2E-5
1.73879,1.13153622,7.5E-5
1.74133,1.13157763,8.3E-5
1.74387,1.13157085,7.9E-5
1.74640,1.13163359,8.0E-5
1.74894,1.13158042,8.6E-5
1.75147,1.13157625,8.1E-5
1.75401,1.13162413,8.1E-5
1.75655,1.13152542,7.2E-5
1.75908,1.13151579,7.0E-5
1.76162,1.13164154,8.3E-5
1.76415,1.13151844,7.1E-5
1.76669,1.13154017,7.6E-5
1.76922,1.13158096,7.2E-5
1.77176,1.13149601,7.0E-5
2.00674,1.13164073,7.9E-5
2.40809,1.13151958,7.3E-5
2.78841,1.13155112,8.6E-5
2.78911,1.13150682,7.6E-5
2.78982,1.13157594,8.5E-5
2.79052,1.13158569,8.5E-5
2.79122,1.13161163,7.6E-5
2.79193,1.13153648,8.3E-5
2.79263,1.13148537,7.0E-5
2.79333,1.13151209,7.4E-5
2.79403,1.13153674,7.1E-5
2.79474,1.13161787,8.3E-5
2.79544,1.13158667,7.1E-5
2.79614,1.13152872,8.1E-5
2.79685,1.13168060,7.1E-5
2.79755,1.13154980,7.8E-5
2.79825,1.13166436,7.6E-5
2.79896,1.13157442,8.5E-5
2.79966,1.13160421,8.1E-5
2.80036,1.13160933,8.2E-5
2.80107,1.13160438,7.2E-5
2.80177,1.13150306,8.4E-5
2.80247,1.13154890,8.0E-5
2.80318,1.13161826,8.5E-5
2.80388,1.13155498,8.5E-5
2.80458,1.13159369,7.2E-5
2.80529,1.13160028,7.4E-5
2.80599,1.13158475,8.1E-5
2.80669,1.13155743,7.3E-5
2.80739,1.13156699,7.4E-5
2.80810,1.13150610,7.3E-5
2.80880,1.13155392,8.3E-5
2.80944,1.13162593,8.0E-5
2.80950,1.13148787,7.6E-5
2.81021,1.13152380,8.4E-5
2.81091,1.13157096,7.0E-5
2.81161,1.13169189,8.2E-5
2.81232,1.13158389,8.1E-5
2.81302,1.13160676,7.6E-5
2.81372,1.13162185,8.0E-5
2.81443,1.13160630,7.4E-5
2.81513,1.13156641,8.0E-5
2.81583,1.13158370,7.7E-5
2.81654,1.13161633,7.7E-5
2.81724,1.13159556,7.5E-5
2.81794,1.13169342,8.2E-5
2.81865,1.13154690,7.7E-5
2.81935,1.13157322,7.4E-5
2.82005,1.13159752,7.3E-5
2.82075,1.13168236,7.3E-5
2.82146,1.13167999,8.0E-5
2.82216,1.13157432,7.1E-5
2.82286,1.13152121,8.5E-5
2.82357,1.13161347,8.3E-5
2.82427,1.13159326,7.8E-5
2.82497,1.13150475,8.0E-5
2.82568,1.13157629,8.5E-5
2.82638,1.13168098,8.1E-5
2.82708,1.13159708,7.2E-5
2.82779,1.13157307,8.5E-5
2.82849,1.13156784,7.0E-5
2.82919,1.13154992,8.3E-5
2.82990,1.13163884,7.8E-5
2.83060,1.13159954,8.0E-5
2.83130,1.13147289,8.5E-5
2.83200,1.13152413,7.6E-5
2.83271,1.13159164,8.0E-5
2.83341,1.13151594,7.9E-5
2.83411,1.13158047,7.7E-5
2.83482,1.13155310,7.4E-5
2.83552,1.13165390,7.1E-5
2.83622,1.13152008,7.8E-5
2.83693,1.13154461,7.8E-5
2.83763,1.13157849,8.3E-5
2.83833,1.13143929,6.9E-5
2.83904,1.13158814,8.1E-5
2.83974,1.13164183,8.6E-5
2.84044,1.13162527,8.3E-5
2.84115,1.13162167,7.1E-5
2.84185,1.13150601,8.2E-5
2.84255,1.13151999,8.1E-5
2.84326,1.13149142,7.9E-5
2.84396,1.13157984,7.4E-5
3.21079,1.13152080,8.5E-5
3.61214,1.13157336,7.6E-5
4.01348,1.13154367,7.9E-5
4.41483,1.13153233,8.1E-5
4.81618,1.13151247,7.1E-5
5.21753,1.13158112,8.4E-5
5.61888,1.13170075,8.3E-5
6.02023,1.13168072,7.2E-5
6.42157,1.13160349,8.3E-5
6.82292,1.13159556,7.4E-5
7.22427,1.13161056,7.9E-5
7.62562,1.13161761,6.9E-5
7.98048,1.13160410,7.0E-5
7.98302,1.13150900,7.9E-5
7.98555,1.13155693,7.2E-5
7.98809,1.13161827,8.6E-5
7.99062,1.13155013,7.5E-5
7.99316,1.13147596,8.3E-5
7.99570,1.13161318,7.8E-5
7.99823,1.13158792,7.0E-5
8.00077,1.13165139,7.0E-5
8.00330,1.13152729,8.4E-5
8.00584,1.13159367,7.5E-5
8.00838,1.13158330,7.9E-5
8.01091,1.13163264,7.2E-5
8.01345,1.13150750,8.5E-5
8.01598,1.13167058,8.3E-5
8.01852,1.13144303,7.9E-5
8.02106,1.13148454,7.4E-5
8.02359,1.13145112,7.1E-5
8.02613,1.13144800,8.2E-5
8.02697,1.13153585,7.2E-5
8.02866,1.13150415,7.6E-5
8.03120,1.13156718,8.1E-5
8.03373,1.13154771,7.3E-5
8.03627,1.13147011,7.6E-5
8.03881,1.13154686,7.7E-5
8.04134,1.13166173,7.6E-5
8.04388,1.13160044,8.5E-5
8.04641,1.13144040,8.1E-5
8.04895,1.13167293,7.5E-5
8.05149,1.13164171,8.0E-5
8.05402,1.13158559,7.1E-5
8.05656,1.13154424,7.2E-5
8.05909,1.13155564,8.6E-5
8.06163,1.13157375,7.4E-5
8.06416,1.13151322,8.1E-5
8.06670,1.13160183,6.9E-5
8.06924,1.13159285,7.2E-5
8.07177,1.13166217,8.4E-5
8.07431,1.13166854,7.0E-5
8.07684,1.13151677,7.5E-5
8.07938,1.13142499,7.1E-5
8.08192,1.13154609,8.0E-5
8.08445,1.13156659,7.1E-5
8.08699,1.13153239,8.1E-5
8.08952,1.13147935,7.8E-5
8.09206,1.13161940,7.9E-5
8.09459,1.13161655,7.6E-5
8.09713,1.13160917,7.6E-5
8.09967,1.13159393,8.4E-5
8.10220,1.13164148,7.0E-5
8.10474,1.13152412,8.4E-5
8.10727,1.13172446,8.1E-5
8.10981,1.13157941,7.6E-5
8.11235,1.13148039,8.1E-5
8.11488,1.13153204,7.4E-5
8.11742,1.13155399,8.5E-5
8.11995,1.13157319,7.3E-5
8.12249,1.13157854,8.1E-5
8.12502,1.13164211,8.0E-5
8.12756,1.13162884,7.0E-5
8.13010,1.13158491,8.0E-5
8.13263,1.13167102,7.0E-5
8.13517,1.13158463,8.3E-5
8.13770,1.13154012,7.8E-5
8.14024,1.13161873,7.9E-5
8.14278,1.13151531,7.0E-5
8.14531,1.13150306,7.2E-5
8.14785,1.13162827,8.0E-5
8.15038,1.13168717,7.2E-5
8.15292,1.13156390,7.5E-5
8.15545,1.13160791,7.0E-5
8.15799,1.13163657,8.5E-5
8.16053,1.13158975,7.2E-5
8.16306,1.13157431,8.4E-5
8.16560,1.13157757,7.2E-5
8.16813,1.13154459,8.2E-5
8.17067,1.13153371,7.1E-5
8.17321,1.13165137,7.1E-5
8.17574,1.13159819,8.0E-5
8.17828,1.13156977,7.2E-5
8.18081,1.13153421,7.9E-5
8.18335,1.13160632,7.0E-5
8.18588,1.13161339,8.1E-5
8.18842,1.13157514,7.7E-5
8.19096,1.13148279,8.3E-5
8.19349,1.13152356,7.0E-5
8.19603,1.13156457,7.6E-5
8.19856,1.13162715,7.1E-5
8.20110,1.13153234,7.4E-5
8.20364,1.13166162,7.1E-5
8.20617,1.13157198,7.4E-5
8.20871,1.13153371,7.6E-5
8.21124,1.13156472,8.2E-5
8.21378,1.13149810,7.9E-5
8.21631,1.13149498,7.7E-5
8.21885,1.13151429,7.3E-5
8.22139,1.13166107,7.8E-5
8.22392,1.13160929,8.3E-5
8.22646,1.13165664,8.3E-5
8.22899,1.13156504,8.0E-5
8.23153,1.13151915,7.8E-5
8.23407,1.13146215,8.0E-5
8.23660,1.13154412,7.0E-5
8.23914,1.13155057,7.9E-5
8.24167,1.13154419,8.4E-5
8.24421,1.13154023,7.3E-5
8.24674,1.13155415,8.0E-5
8.24928,1.13154793,7.0E-5
8.25182,1.13162099,8.3E-5
8.25435,1.13166438,8.6E-5
8.25689,1.13153517,8.2E-5
8.25942,1.13157341,8.1E-5
8.26196,1.13159375,7.3E-5
8.26450,1.13154583,7.0E-5
8.26703,1.13158330,7.7E-5
8.26957,1.13156166,7.0E-5
8.27210,1.13156147,7.8E-5
8.27464,1.13170509,8.4E-5
8.27717,1.13152966,7.9E-5
8.27971,1.13147889,7.2E-5
8.28225,1.13163392,7.3E-5
8.42832,1.13159629,7.3E-5
8.82966,1.13167324,8.4E-5
9.23101,1.13172424,7.9E-5
9.63236,1.13153354,7.2E-5
10.03371,1.13153559,8.4E-5
10.43506,1.13160320,7.5E-5
10.83641,1.13160179,7.8E-5
11.09940,1.12773831,8.6E-5
11.10101,1.12773255,8.5E-5
11.10261,1.12748308,7.3E-5
11.10422,1.12757303,7.2E-5
11.10582,1.12740321,7.6E-5
11.10743,1.12727576,7.1E-5
11.10903,1.12722727,6.9E-5
11.11064,1.12725348,7.4E-5
11.11224,1.12699499,8.1E-5
11.11385,1.12703279,7.9E-5
11.11546,1.12697717,7.4E-5
11.11706,1.12688996,8.1E-5
11.11867,1.12693473,8.1E-5
11.12027,1.12677061,7.7E-5
11.12188,1.12675322,7.6E-5
11.12348,1.12669390,7.0E-5
11.12509,1.12670614,8.0E-5
11.12669,1.12664729,8.2E-5
11.12830,1.12660142,8.1E-5
11.12990,1.12656284,8.4E-5
11.13151,1.12655440,7.2E-5
11.13312,1.12652957,7.1E-5
11.13472,1.12654944,8.1E-5
11.13633,1.12643024,8.0E-5
11.13793,1.12646437,8.0E-5
11.13954,1.12641710,7.1E-5
11.14114,1.12643841,8.5E-5
11.14275,1.12641269,7.3E-5
11.14435,1.12637371,6.9E-5
11.14596,1.12630899,7.6E-5
11.14756,1.12640852,8.4E-5
11.14917,1.12634278,8.2E-5
11.15078,1.12621953,7.7E-5
11.15238,1.12627870,7.4E-5
11.15399,1.12628571,7.5E-5
11.15559,1.12632405,7.9E-5
11.15720,1.12632165,8.0E-5
11.15880,1.12628085,6.9E-5
11.16041,1.12621459,8.0E-5
11.16201,1.12616007,7.7E-5
11.16362,1.12620849,8.0E-5
11.16522,1.12632277,8.0E-5
11.16683,1.12622834,8.6E-5
11.16844,1.12611321,7.4E-5
11.17004,1.12623975,7.2E-5
11.17165,1.12633842,8.6E-5
11.17325,1.12614594,8.3E-5
11.17486,1.12621819,7.5E-5
11.17646,1.12619502,7.9E-5
11.17807,1.12612575,7.4E-5
11.17967,1.12622708,8.0E-5
11.18128,1.12614913,7.0E-5
11.18289,1.12623350,7.0E-5
11.18449,1.12614769,8.3E-5
11.18610,1.12616610,7.7E-5
11.18770,1.12623543,7.8E-5
11.18931,1.12619719,7.1E-5
11.19091,1.12622915,8.5E-5
11.19252,1.12634583,7.5E-5
11.19412,1.12621254,7.7E-5
11.19573,1.12637769,8.3E-5
11.19733,1.12629079,8.5E-5
11.19894,1.12636628,7.4E-5
11.20055,1.12629175,7.6E-5
11.20215,1.12631442,7.4E-5
11.20376,1.12648648,7.0E-5
11.20536,1.12636391,7.3E-5
11.20697,1.12644644,7.1E-5
11.20857,1.12638103,8.4E-5
11.21018,1.12643276,7.2E-5
11.21178,1.12647362,7.7E-5
11.21339,1.12641428,7.1E-5
11.21499,1.12646679,7.9E-5
11.21660,1.12658128,7.7E-5
11.21821,1.12663250,8.4E-5
11.21981,1.12666327,6.9E-5
11.22142,1.12665630,8.5E-5
11.22302,1.12676457,8.1E-5
11.22463,1.12678383,7.8E-5
11.22623,1.12680462,8.0E-5
11.23776,1.12725809,8.1E-5
11.59610,1.13161088,8.1E-5
11.59864,1.13143337,7.8E-5
11.60117,1.13172100,7.0E-5
11.60371,1.13153504,7.3E-5
11.60625,1.13154880,7.5E-5
11.60878,1.13161273,8.1E-5
11.61132,1.13142354,8.6E-5
11.61385,1.13157483,7.3E-5
11.61639,1.13164762,7.1E-5
11.61892,1.13154696,8.6E-5
11.62146,1.13156199,7.1E-5
11.62400,1.13159380,7.9E-5
11.62653,1.13160894,8.5E-5
11.62907,1.13160012,7.7E-5
11.63160,1.13155215,7.3E-5
11.63414,1.13148239,7.2E-5
11.63668,1.13162709,7.3E-5
11.63910,1.13156865,7.4E-5
11.63921,1.13163130,7.8E-5
11.64175,1.13170863,8.2E-5
11.64428,1.13163585,7.0E-5
11.64682,1.13156174,7.1E-5
11.64935,1.13158336,7.7E-5
11.65189,1.13162111,6.9E-5
11.65443,1.13163237,8.4E-5
11.65696,1.13151218,8.3E-5
11.65950,1.13172338,7.0E-5
11.66203,1.13152833,7.9E-5
11.66457,1.13147218,7.9E-5
11.66711,1.13164724,7.2E-5
11.66964,1.13161294,8.5E-5
11.67218,1.13157217,7.5E-5
11.67471,1.13159344,8.4E-5
11.67725,1.13154202,7.9E-5
11.67978,1.13145246,7.7E-5
11.68232,1.13156199,7.0E-5
11.68486,1.13160525,8.6E-5
11.68739,1.13154443,8.5E-5
11.68993,1.13160392,7.2E-5
11.69246,1.13160691,8.2E-5
11.69500,1.13153991,7.0E-5
11.69754,1.13162616,7.4E-5
11.70007,1.13155653,8.5E-5
11.70261,1.13170931,7.7E-5
11.70514,1.13155518,7.8E-5
11.70768,1.13158208,7.5E-5
11.71021,1.13152672,8.0E-5
11.71275,1.13157210,7.6E-5
11.71529,1.13176996,8.6E-5
11.71782,1.13152597,7.1E-5
11.72036,1.13162327,8.3E-5
11.72289,1.13153220,8.1E-5
11.72543,1.13162977,8.5E-5
11.72797,1.13161375,8.3E-5
11.73050,1.13156384,8.3E-5
11.73304,1.13151695,7.0E-5
11.73557,1.13163568,7.0E-5
11.73811,1.13154262,8.2E-5
11.74064,1.13166343,7.0E-5
11.74318,1.13158615,7.4E-5
11.74572,1.13157194,7.2E-5
11.74825,1.13153138,8.0E-5
11.75079,1.13152174,8.1E-5
11.75332,1.13151267,8.0E-5
11.75586,1.13157597,7.6E-5
11.75840,1.13150495,7.8E-5
11.76093,1.13160087,7.4E-5
11.76347,1.13161319,8.5E-5
11.76600,1.13154507,7.6E-5
11.76854,1.13160684,7.2E-5
11.77107,1.13160753,7.0E-5
11.77361,1.13156865,7.7E-5
11.77615,1.13154968,7.8E-5
11.77868,1.13152810,8.4E-5
11.78122,1.13156147,7.7E-5
11.78375,1.13155362,8.6E-5
11.78629,1.13159643,7.0E-5
11.78883,1.13148823,7.4E-5
11.79136,1.13162596,6.9E-5
11.79390,1.13153503,8.3E-5
11.79643,1.13152592,7.9E-5
11.79897,1.13152654,7.9E-5
11.80151,1.13154636,7.9E-5
11.80404,1.13151462,7.8E-5
11.80658,1.13149442,7.0E-5
11.80911,1.13158335,8.1E-5
11.81165,1.13164196,7.3E-5
11.81418,1.13145269,8.3E-5
11.81672,1.13155106,7.4E-5
11.81926,1.13163530,8.0E-5
11.82179,1.13164840,7.5E-5
11.82433,1.13160346,8.6E-5
11.82686,1.13153626,7.0E-5
11.82940,1.13160368,8.3E-5
11.83194,1.13153922,7.2E-5
11.83447,1.13150687,7.5E-5
11.83701,1.13158158,7.3E-5
11.83954,1.13158062,8.1E-5
11.84208,1.13156826,7.0E-5
11.84461,1.13155615,7.4E-5
11.84715,1.13153843,8.1E-5
11.84969,1.13160558,7.8E-5
11.85222,1.13165605,8.3E-5
11.85476,1.13152293,8.2E-5
11.85729,1.13157252,7.8E-5
11.85983,1.13152002,8.1E-5
11.86237,1.13153634,8.6E-5
11.86490,1.13148476,8.3E-5
11.86744,1.13156958,8.5E-5
11.86997,1.13158018,8.4E-5
11.87251,1.13161587,7.9E-5
11.87504,1.13162736,8.2E-5
11.87758,1.13153228,7.7E-5
11.88012,1.13154659,7.6E-5
11.88265,1.13167931,7.2E-5
11.88519,1.13157184,8.4E-5
11.88772,1.13147578,8.5E-5
11.89026,1.13152765,8.2E-5
11.89280,1.13163566,8.6E-5
11.89533,1.13173256,7.1E-5
11.89787,1.13157978,7.6E-5
12.04045,1.13153829,8.3E-5
12.44180,1.13148996,7.4E-5
12.84315,1.13150504,7.2E-5
13.24450,1.13156271,7.9E-5
13.64585,1.13152973,8.4E-5
14.04719,1.13156875,8.0E-5
14.44854,1.13168146,8.4E-5
14.84989,1.13156781,7.2E-5
15.25124,1.13154461,7.0E-5
15.65259,1.13156143,6.9E-5
16.05394,1.13158113,8.5E-5
16.05934,1.13150667,8.5E-5
16.06187,1.13164598,7.9E-5
16.06441,1.13149740,7.6E-5
16.06695,1.13159451,7.7E-5
16.06948,1.13154852,7.4E-5
16.07202,1.13158251,8.0E-5
16.07455,1.13149929,7.9E-5
16.07709,1.13157549,7.3E-5
16.07962,1.13161101,8.6E-5
16.08216,1.13160702,8.2E-5
16.08470,1.13155238,7.5E-5
16.08723,1.13165567,7.9E-5
16.08977,1.13158699,7.1E-5
16.09230,1.13158428,8.1E-5
16.09484,1.13162346,8.3E-5
16.09738,1.13156419,7.1E-5
16.09991,1.13162518,7.5E-5
16.10245,1.13167476,8.2E-5
16.10498,1.13165621,7.8E-5
16.10752,1.13147936,7.6E-5
16.11006,1.13155739,8.6E-5
16.11259,1.13158896,8.4E-5
16.11513,1.13152871,8.2E-5
16.11766,1.13154082,8.1E-5
16.12020,1.13167515,7.9E-5
16.12273,1.13153637,7.0E-5
16.12527,1.13154274,8.2E-5
16.12781,1.13167803,6.9E-5
16.13034,1.13154113,7.0E-5
16.13288,1.13154905,7.6E-5
16.13541,1.13148834,7.1E-5
16.13795,1.13149009,8.4E-5
16.14049,1.13158156,8.6E-5
16.14302,1.13159719,7.7E-5
16.14556,1.13153257,8.0E-5
16.14809,1.13151644,7.3E-5
16.15063,1.13161441,7.5E-5
16.15316,1.13160617,8.3E-5
16.15570,1.13153561,8.3E-5
16.15824,1.13163795,8.4E-5
16.16077,1.13165046,7.1E-5
16.16331,1.13160567,8.5E-5
16.16584,1.13163341,7.2E-5
16.16838,1.13166252,8.4E-5
16.17092,1.13147042,7.4E-5
16.17345,1.13155261,6.9E-5
16.17599,1.13156838,8.3E-5
16.17852,1.13158548,7.8E-5
16.18106,1.13164386,7.3E-5
16.18359,1.13158236,7.4E-5
16.18613,1.13148792,8.6E-5
16.18867,1.13151106,8.5E-5
16.19120,1.13169766,7.1E-5
16.19374,1.13155102,7.4E-5
16.19627,1.13162632,8.5E-5
16.19881,1.13156907,8.2E-5
16.20135,1.13169227,7.8E-5
16.20388,1.13163412,8.1E-5
16.20642,1.13154168,7.6E-5
16.20895,1.13154388,8.0E-5
16.21149,1.13161362,7.9E-5
16.21402,1.13150013,7.6E-5
16.21656,1.13154569,8.4E-5
16.21910,1.13150162,7.6E-5
16.22163,1.13167107,8.5E-5
16.22417,1.13175152,7.1E-5
16.22670,1.13163085,8.4E-5
16.22924,1.13149906,8.6E-5
16.23178,1.13146872,8.0E-5
16.23431,1.13159482,6.9E-5
16.23685,1.13152641,7.4E-5
16.23938,1.13162118,7.3E-5
16.24192,1.13160897,7.1E-5
16.24445,1.13150710,7.7E-5
16.24699,1.13160483,8.1E-5
16.24953,1.13162741,8.2E-5
16.25206,1.13146239,7.4E-5
16.25460,1.13158132,8.0E-5
16.25713,1.13159841,7.5E-5
16.25967,1.13152678,7.5E-5
16.26221,1.13156618,7.7E-5
16.26474,1.13154713,8.5E-5
16.26728,1.13162421,7.6E-5
16.26981,1.13151522,7.3E-5
16.27235,1.13161941,7.4E-5
16.27488,1.13156735,7.2E-5
16.27742,1.13161367,7.8E-5
16.27996,1.13156133,7.1E-5
16.28249,1.13157673,8.2E-5
16.28503,1.13152493,6.9E-5
16.28756,1.13153470,7.0E-5
16.29010,1.13156033,8.4E-5
16.29264,1.13159161,7.6E-5
16.29517,1.13153891,7.3E-5
16.29771,1.13157651,7.7E-5
16.30024,1.13157228,8.0E-5
16.30278,1.13160280,7.7E-5
16.30531,1.13161676,7.5E-5
16.30785,1.13149746,7.7E-5
16.31039,1.13156771,8.1E-5
16.31292,1.13164449,7.1E-5
16.31546,1.13158860,7.6E-5
16.31799,1.13167244,7.3E-5
16.32053,1.13163764,7.2E-5
16.32307,1.13160121,7.9E-5
16.32560,1.13151910,7.8E-5
16.32814,1.13150114,7.8E-5
16.33067,1.13152171,8.4E-5
16.33321,1.13161636,7.8E-5
16.33574,1.13145481,7.1E-5
16.33828,1.13161250,7.7E-5
16.34082,1.13167257,8.4E-5
16.34335,1.13159627,8.3E-5
16.34589,1.13148890,7.2E-5
16.34842,1.13157130,7.1E-5
16.35096,1.13149856,8.2E-5
16.35350,1.13158132,7.4E-5
16.35603,1.13159464,7.3E-5
16.35857,1.13158467,7.5E-5
16.36110,1.13154253,7.1E-5
16.45528,1.13150349,8.1E-5
16.85663,1.13159873,6.9E-5
17.19491,1.13162324,7.2E-5
17.19664,1.13161806,8.2E-5
17.19837,1.13157196,7.4E-5
17.20010,1.13159289,8.1E-5
17.20184,1.13141329,8.1E-5
17.20357,1.13155885,7.6E-5
17.20530,1.13150839,7.2E-5
17.20703,1.13158670,7.9E-5
17.20876,1.13154096,8.5E-5
17.21049,1.13153063,7.1E-5
17.21222,1.13158251,8.4E-5
17.21395,1.13153841,8.6E-5
17.21568,1.13152986,7.9E-5
17.21741,1.13148029,7.1E-5
17.21914,1.13157613,7.3E-5
17.22087,1.13154099,7.6E-5
17.22260,1.13159815,8.3E-5
17.22433,1.13163472,7.4E-5
17.22606,1.13159390,7.4E-5
17.22779,1.13152732,7.4E-5
17.22952,1.13160654,7.8E-5
17.23125,1.13156792,7.2E-5
17.23298,1.13154706,7.2E-5
17.23471,1.13156925,7.5E-5
17.23644,1.13161695,8.0E-5
17.23817,1.13152204,8.0E-5
17.23990,1.13158301,7.8E-5
17.24163,1.13154241,7.5E-5
17.24336,1.13154158,7.8E-5
17.24509,1.13162799,7.3E-5
17.24682,1.13157015,7.6E-5
17.24855,1.13160532,8.0E-5
17.25028,1.13164100,7.4E-5
17.25201,1.13166110,8.5E-5
17.25374,1.13161075,7.6E-5
17.25547,1.13156488,8.2E-5
17.25720,1.13154656,8.0E-5
17.25798,1.13140391,7.8E-5
17.25893,1.13155391,7.2E-5
17.26066,1.13160925,7.6E-5
17.26239,1.13149457,7.0E-5
17.26412,1.13155841,7.4E-5
17.26585,1.13160934,7.2E-5
17.26758,1.13152118,8.4E-5
17.26931,1.13154556,7.6E-5
17.27104,1.13160986,8.0E-5
17.27277,1.13162350,8.5E-5
17.27450,1.13150927,7.4E-5
17.27623,1.13164911,8.1E-5
17.27796,1.13157088,6.9E-5
17.27969,1.13157993,8.5E-5
17.28142,1.13156858,7.3E-5
17.28315,1.13153090,8.2E-5
17.28488,1.13152447,7.3E-5
17.28661,1.13150940,7.7E-5
17.28834,1.13157113,7.1E-5
17.29007,1.13152440,7.1E-5
17.29180,1.13148870,7.3E-5
17.29353,1.13160026,7.4E-5
17.29526,1.13172532,8.2E-5
17.29699,1.13153942,7.8E-5
17.29872,1.13159789,7.7E-5
17.30045,1.13147375,7.5E-5
17.30218,1.13160598,7.6E-5
17.30391,1.13146741,7.7E-5
17.30564,1.13156449,7.4E-5
17.30737,1.13156655,8.5E-5
17.30910,1.13150915,7.0E-5
17.31083,1.13161486,7.9E-5
17.31256,1.13143140,6.9E-5
17.31429,1.13152116,8.3E-5
17.31602,1.13162844,7.4E-5
17.31775,1.13155775,7.2E-5
17.31948,1.13145621,8.3E-5
17.32121,1.13153755,8.0E-5
17.32294,1.13150356,7.8E-5
17.32467,1.13165453,8.5E-5
17.32640,1.13157829,8.4E-5
17.32813,1.13157245,8.1E-5
17.32986,1.13156586,7.6E-5
17.33159,1.13163738,7.0E-5
17.65933,1.13146813,8.4E-5
18.06068,1.13157824,8.0E-5
18.46203,1.13151923,6.9E-5
18.86338,1.13148053,7.3E-5
19.26472,1.13162379,8.2E-5
19.66607,1.13157903,7.9E-5
20.06742,1.13163932,8.6E-5
20.46877,1.13141229,7.0E-5
20.87012,1.13152314,7.2E-5
20.99653,1.13143726,7.5E-5
20.99907,1.13159221,7.0E-5
21.00160,1.13155418,8.0E-5
21.00414,1.13151480,7.6E-5
21.00667,1.13149171,7.0E-5
21.00921,1.13150872,7.9E-5
21.01175,1.13160218,7.6E-5
21.01428,1.13164455,7.5E-5
21.01682,1.13161483,7.0E-5
21.01935,1.13158326,7.0E-5
21.02189,1.13144742,7.4E-5
21.02442,1.13154441,8.4E-5
21.02696,1.13158581,7.5E-5
21.02950,1.13152547,6.9E-5
21.03203,1.13161419,7.0E-5
21.03457,1.13158952,8.1E-5
21.03710,1.13154388,6.9E-5
21.03964,1.13154619,7.7E-5
21.04218,1.13154447,8.1E-5
21.04471,1.13150194,7.3E-5
21.04725,1.13161517,8.4E-5
21.04978,1.13158399,7.6E-5
21.05232,1.13156774,7.9E-5
21.05485,1.13160692,7.2E-5
21.05739,1.13158336,7.7E-5
21.05993,1.13155827,7.5E-5
21.06246,1.13152722,7.7E-5
21.06500,1.13162546,8.6E-5
21.06753,1.13158069,8.3E-5
21.07007,1.13153977,7.5E-5
21.07261,1.13152210,7.1E-5
21.07514,1.13154028,8.2E-5
21.07768,1.13159285,8.2E-5
21.08021,1.13154145,7.5E-5
21.08275,1.13160324,8.3E-5
21.08528,1.13163202,7.4E-5
21.08782,1.13157479,7.5E-5
21.09036,1.13166148,8.6E-5
21.09289,1.13162760,7.6E-5
21.09543,1.13159647,7.3E-5
21.09796,1.13165248,8.4E-5
21.10050,1.13157771,7.9E-5
21.10304,1.13162824,7.8E-5
21.10557,1.13168345,7.9E-5
21.10811,1.13159535,8.1E-5
21.11064,1.13170047,7.2E-5
21.11318,1.13165191,8.0E-5
21.11571,1.13158225,7.5E-5
21.11825,1.13149937,7.8E-5
21.12079,1.13158864,8.1E-5
21.12332,1.13153869,8.0E-5
21.12586,1.13156775,7.8E-5
21.12839,1.13162511,7.5E-5
21.13093,1.13161887,7.8E-5
21.13347,1.13160059,7.3E-5
21.13600,1.13152106,7.9E-5
21.13854,1.13162516,8.3E-5
21.14107,1.13158882,7.3E-5
21.14361,1.13156842,8.0E-5
21.14614,1.13159336,7.8E-5
21.14868,1.13149876,7.4E-5
21.15122,1.13158521,7.6E-5
21.15375,1.13161746,7.0E-5
21.15629,1.13156620,7.6E-5
21.15882,1.13160888,8.0E-5
21.16136,1.13153768,7.5E-5
21.16390,1.13148422,8.3E-5
21.16643,1.13157035,7.1E-5
21.16897,1.13162189,8.1E-5
21.17150,1.13159128,7.5E-5
21.17404,1.13158066,8.6E-5
21.17657,1.13162548,7.8E-5
21.17911,1.13150289,7.5E-5
21.18165,1.13162949,7.0E-5
21.18418,1.13152744,7.0E-5
21.18672,1.13159880,7.7E-5
21.18925,1.13162893,7.2E-5
21.19179,1.13159074,8.4E-5
21.19433,1.13159639,8.4E-5
21.19686,1.13152501,8.1E-5
21.19940,1.13150040,7.3E-5
21.20193,1.13157436,7.3E-5
21.20447,1.13156737,8.1E-5
21.20700,1.13157350,8.4E-5
21.20954,1.13150011,7.7E-5
21.21208,1.13154638,8.0E-5
21.21461,1.13161547,7.3E-5
21.21715,1.13154460,7.0E-5
21.21968,1.13169409,7.0E-5
21.22222,1.13159937,8.6E-5
21.22476,1.13146660,7.0E-5
21.22729,1.13167181,8.1E-5
21.22983,1.13154220,7.1E-5
21.23236,1.13155289,7.6E-5
21.23490,1.13145315,7.1E-5
21.23743,1.13157886,7.1E-5
21.23997,1.13165640,7.4E-5
21.24251,1.13152152,7.4E-5
21.24504,1.13160072,8.6E-5
21.24758,1.13153346,7.1E-5
21.25011,1.13157960,7.4E-5
21.25265,1.13154762,7.9E-5
21.25519,1.13150436,7.8E-5
21.25772,1.13147015,7.4E-5
21.26026,1.13156740,8.1E-5
21.26279,1.13152601,7.0E-5
21.26533,1.13158027,7.3E-5
21.26786,1.13158583,8.3E-5
21.27040,1.13160021,8.2E-5
21.27147,1.13153428,7.8E-5
21.27294,1.13163138,8.3E-5
21.27547,1.13163952,8.5E-5
21.27801,1.13164367,7.6E-5
21.28054,1.13146789,7.7E-5
21.28308,1.13157418,7.2E-5
21.28562,1.13156986,7.1E-5
21.28815,1.13160885,8.2E-5
21.29069,1.13155282,7.4E-5
21.29322,1.13162133,8.6E-5
21.29576,1.13154122,8.1E-5
21.29829,1.13154023,7.0E-5
21.67281,1.13155352,7.6E-5
22.07416,1.13147663,8.0E-5
22.47551,1.13148666,7.7E-5
22.54604,1.13160100,7.0E-5
22.54858,1.13155715,8.1E-5
22.55111,1.13151520,7.8E-5
22.55365,1.13156618,7.8E-5
22.55619,1.13164775,8.4E-5
22.55872,1.13172426,7.5E-5
22.56126,1.13156555,8.6E-5
22.56379,1.13165242,7.7E-5
22.56633,1.13156455,7.5E-5
22.56886,1.13161324,8.1E-5
22.57140,1.13151130,8.4E-5
22.57394,1.13156877,8.0E-5
22.57647,1.13163572,7.1E-5
22.57901,1.13159127,7.7E-5
22.58154,1.13149649,7.1E-5
22.58408,1.13153954,7.4E-5
22.58662,1.13160957,7.0E-5
22.58915,1.13158774,8.3E-5
22.59169,1.13153836,6.9E-5
22.59422,1.13157468,7.9E-5
22.59676,1.13161550,7.5E-5
22.59929,1.13165752,7.5E-5
22.60183,1.13144843,8.0E-5
22.60437,1.13161488,7.1E-5
22.60690,1.13168192,8.2E-5
22.60944,1.13136780,8.6E-5
22.61197,1.13148671,8.4E-5
22.61451,1.13160093,7.4E-5
22.61705,1.13161489,8.2E-5
22.61958,1.13158558,8.6E-5
22.62212,1.13163094,8.0E-5
22.62465,1.13159361,7.0E-5
22.62719,1.13173675,8.5E-5
22.62972,1.13155718,7.3E-5
22.63226,1.13155152,7.5E-5
22.63480,1.13160134,7.6E-5
22.63733,1.13160885,8.3E-5
22.63987,1.13152364,8.0E-5
22.64240,1.13160819,7.8E-5
22.64494,1.13156761,8.3E-5
22.64748,1.13150903,8.6E-5
22.65001,1.13159461,7.6E-5
22.65255,1.13154877,7.5E-5
22.65508,1.13145857,7.7E-5
22.65762,1.13151660,8.5E-5
22.66015,1.13158582,7.5E-5
22.66269,1.13162792,8.1E-5
22.66523,1.13154501,7.4E-5
22.66776,1.13163182,7.3E-5
22.67030,1.13146622,7.9E-5
22.67283,1.13155526,8.6E-5
22.67537,1.13148295,6.9E-5
22.67791,1.13156873,8.0E-5
22.68044,1.13148217,8.1E-5
22.68298,1.13161282,7.3E-5
22.68551,1.13161831,7.5E-5
22.68805,1.13158635,7.1E-5
22.69058,1.13149530,8.3E-5
22.69312,1.13161020,8.0E-5
22.69566,1.13161221,7.2E-5
22.69819,1.13165851,8.3E-5
22.70073,1.13160587,7.6E-5
22.70326,1.13150845,8.1E-5
22.70580,1.13156786,8.2E-5
22.70834,1.13163357,8.3E-5
22.71087,1.13159266,8.1E-5
22.71341,1.13166482,7.2E-5
22.71594,1.13170074,8.5E-5
22.71848,1.13156569,7.6E-5
22.72101,1.13149582,8.5E-5
22.72355,1.13157511,8.1E-5
22.72609,1.13155946,7.5E-5
22.72862,1.13165066,7.5E-5
22.73116,1.13155767,7.6E-5
22.73369,1.13160630,8.3E-5
22.73623,1.13147827,7.8E-5
22.73877,1.13147748,7.2E-5
22.74130,1.13151762,8.1E-5
22.74384,1.13158756,8.3E-5
22.74637,1.13164470,8.0E-5
22.74891,1.13158677,7.9E-5
22.75144,1.13152165,7.2E-5
22.75398,1.13157056,7.6E-5
22.75652,1.13157311,7.5E-5
22.75905,1.13152145,8.2E-5
22.76159,1.13152001,7.8E-5
22.76412,1.13161028,7.4E-5
22.76666,1.13160414,7.1E-5
22.76920,1.13165870,8.4E-5
22.77173,1.13158178,7.5E-5
22.77427,1.13162579,8.1E-5
22.77680,1.13161928,8.0E-5
22.77934,1.13159037,7.2E-5
22.78187,1.13163888,8.5E-5
22.78441,1.13151836,7.6E-5
22.78695,1.13159843,7.8E-5
22.78948,1.13160779,8.0E-5
22.79202,1.13156204,7.1E-5
22.79455,1.13149265,8.4E-5
22.79709,1.13151760,8.2E-5
22.79963,1.13153946,7.8E-5
22.80216,1.13150486,8.0E-5
22.80470,1.13159932,7.9E-5
22.80723,1.13157778,7.8E-5
22.80977,1.13161700,7.5E-5
22.81230,1.13161728,7.7E-5
22.81484,1.13160703,7.2E-5
22.81738,1.13152432,7.3E-5
22.81991,1.13152631,8.3E-5
22.82245,1.13166516,7.5E-5
22.82498,1.13144764,7.4E-5
22.82752,1.13154725,8.0E-5
22.83006,1.13151402,7.2E-5
22.83259,1.13148890,7.9E-5
22.83513,1.13164689,8.2E-5
22.83766,1.13159813,8.6E-5
22.84020,1.13147557,8.5E-5
22.84273,1.13161535,8.3E-5
22.84527,1.13153715,7.1E-5
22.84781,1.13163856,6.9E-5
22.87686,1.13153630,7.8E-5
23.27821,1.13160905,7.7E-5
23.67956,1.13164130,8.3E-5
24.08090,1.13167645,8.2E-5
24.48225,1.13156065,7.7E-5
24.88360,1.13157172,7.7E-5
25.28495,1.13163256,7.5E-5
25.41022,1.13155405,7.0E-5
25.41531,1.13158455,8.0E-5
25.42041,1.13154192,7.7E-5
25.42550,1.13155445,8.3E-5
25.43059,1.13159730,7.7E-5
25.43568,1.13155188,7.1E-5
25.44078,1.13164301,7.9E-5
25.44587,1.13167573,7.7E-5
25.45096,1.13153793,7.6E-5
25.45606,1.13158491,7.7E-5
25.46115,1.13148954,8.0E-5
25.46624,1.13155922,8.5E-5
25.47134,1.13157651,8.0E-5
25.47643,1.13154551,8.3E-5
25.48152,1.13152747,8.4E-5
25.48662,1.13153226,8.2E-5
25.49171,1.13165198,8.1E-5
25.49680,1.13162176,7.8E-5
25.50189,1.13154372,7.9E-5
25.50699,1.13150872,8.2E-5
25.51208,1.13151804,7.9E-5
25.51717,1.13157111,8.4E-5
25.52227,1.13137702,8.1E-5
25.52736,1.13030073,8.3E-5
25.53245,1.12857924,7.0E-5
25.53755,1.12784464,8.2E-5
25.54264,1.12742818,7.3E-5
25.54773,1.12725409,7.3E-5
25.55283,1.12699739,7.6E-5
25.55792,1.12699232,7.1E-5
25.56301,1.12679393,7.7E-5
25.56810,1.12662423,8.6E-5
25.57320,1.12649262,8.0E-5
25.57829,1.12654682,7.0E-5
25.58338,1.12635959,7.3E-5
25.58848,1.12624034,8.5E-5
25.59357,1.12622934,7.0E-5
25.59866,1.12621491,7.9E-5
25.60376,1.12613311,8.1E-5
25.60885,1.12625548,7.1E-5
25.61394,1.12625932,7.2E-5
25.61904,1.12621801,7.1E-5
25.62413,1.12629450,8.3E-5
25.62922,1.12632000,7.2E-5
25.63431,1.12627564,7.4E-5
25.63941,1.12635065,7.4E-5
25.64450,1.12642816,8.4E-5
25.64959,1.12654459,7.2E-5
25.65469,1.12658438,7.7E-5
25.65978,1.12661925,8.0E-5
25.66487,1.12688666,8.4E-5
25.66997,1.12697071,7.5E-5
25.67506,1.12711010,8.0E-5
25.68015,1.12752904,7.1E-5
25.68525,1.12775743,8.2E-5
25.68630,1.12784316,7.3E-5
25.69034,1.12854830,8.5E-5
25.69543,1.13017344,7.0E-5
25.70052,1.13129164,7.4E-5
25.70562,1.13161574,7.8E-5
25.71071,1.13160487,7.8E-5
25.71580,1.13158224,7.3E-5
25.72090,1.13147900,8.1E-5
25.72599,1.13165044,7.1E-5
25.73108,1.13158877,7.9E-5
25.73618,1.13150083,7.1E-5
25.74127,1.13158410,8.1E-5
25.74636,1.13162227,7.2E-5
25.75146,1.13160455,7.0E-5
25.75655,1.13156379,7.6E-5
25.76164,1.13148221,7.0E-5
25.76673,1.13153694,7.4E-5
25.77183,1.13156965,7.6E-5
25.77692,1.13145842,8.5E-5
25.78201,1.13148552,8.1E-5
25.78711,1.13151458,8.6E-5
25.79220,1.13166222,8.6E-5
25.79729,1.13161928,7.0E-5
25.80239,1.13163907,8.0E-5
25.80748,1.13154027,8.1E-5
25.81257,1.13157960,8.3E-5
26.08765,1.13158270,7.4E-5
26.48899,1.13155717,6.9E-5
26.89034,1.13157426,7.7E-5
27.29169,1.13159485,8.3E-5
27.69304,1.13159228,7.7E-5
28.09439,1.13151553,7.6E-5
28.47630,1.13155963,8.6E-5
28.47884,1.13156813,7.0E-5
28.48137,1.13163486,7.3E-5
28.48391,1.13158057,7.2E-5
28.48644,1.13155176,7.9E-5
28.48898,1.13164771,8.0E-5
28.49152,1.13167738,8.3E-5
28.49405,1.13159757,7.7E-5
28.49574,1.13162414,8.5E-5
28.49659,1.13155132,8.3E-5
28.49912,1.13158237,8.2E-5
28.50166,1.13156867,7.0E-5
28.50419,1.13154442,7.3E-5
28.50673,1.13150677,8.4E-5
28.50927,1.13155944,8.6E-5
28.51180,1.13167410,8.4E-5
28.51434,1.13154149,7.2E-5
28.51687,1.13146769,8.1E-5
28.51941,1.13172185,8.4E-5
28.52195,1.13157600,7.4E-5
28.52448,1.13157923,8.5E-5
28.52702,1.13160351,8.0E-5
28.52955,1.13164168,6.9E-5
28.53209,1.13151985,7.7E-5
28.53462,1.13152126,7.0E-5
28.53716,1.13153083,7.5E-5
28.53970,1.13159712,7.6E-5
28.54223,1.13148344,7.4E-5
28.54477,1.13151398,8.1E-5
28.54730,1.13153772,8.5E-5
28.54984,1.13161548,7.7E-5
28.55238,1.13165216,8.2E-5
28.55491,1.13163269,8.4E-5
28.55745,1.13166393,7.6E-5
28.55998,1.13150969,7.9E-5
28.56252,1.13161531,8.4E-5
28.56506,1.13153284,7.5E-5
28.56759,1.13156138,8.2E-5
28.57013,1.13151237,8.6E-5
28.57266,1.13161039,7.5E-5
28.57520,1.13165327,7.7E-5
28.57773,1.13160356,7.3E-5
28.58027,1.13150372,8.5E-5
28.58281,1.13147369,8.4E-5
28.58534,1.13149574,8.6E-5
28.58788,1.13154554,7.7E-5
28.59041,1.13150389,8.1E-5
28.59295,1.13157268,7.1E-5
28.59549,1.13150653,7.6E-5
28.59802,1.13157902,7.8E-5
28.60056,1.13159634,7.7E-5
28.60309,1.13154048,7.5E-5
28.60563,1.13157670,8.6E-5
28.60816,1.13154727,7.2E-5
28.61070,1.13151219,8.2E-5
28.61324,1.13154054,6.9E-5
28.61577,1.13154774,7.2E-5
28.61831,1.13154918,7.4E-5
28.62084,1.13160871,8.5E-5
28.62338,1.13165844,8.4E-5
28.62592,1.13163180,8.1E-5
28.62845,1.13161735,7.2E-5
28.63099,1.13166845,8.0E-5
28.63352,1.13157159,8.2E-5
28.63606,1.13160366,7.6E-5
28.63859,1.13155762,7.3E-5
28.64113,1.13161074,7.8E-5
28.64367,1.13166269,8.6E-5
28.64620,1.13156743,8.2E-5
28.64874,1.13154936,6.9E-5
28.65127,1.13162479,8.2E-5
28.65381,1.13157537,7.8E-5
28.65635,1.13156258,6.9E-5
28.65888,1.13153478,8.4E-5
28.66142,1.13151595,7.6E-5
28.66395,1.13164654,7.1E-5
28.66649,1.13161950,7.6E-5
28.66902,1.13157667,7.5E-5
28.67156,1.13161636,7.9E-5
28.67410,1.13156324,7.7E-5
28.67663,1.13158635,7.5E-5
28.67917,1.13152370,7.6E-5
28.68170,1.13150539,8.2E-5
28.68424,1.13158484,7.6E-5
28.68678,1.13158152,8.5E-5
28.68931,1.13144386,8.1E-5
28.69185,1.13161716,7.0E-5
28.69438,1.13157745,7.4E-5
28.69692,1.13162314,7.2E-5
28.69945,1.13161897,7.0E-5
28.70199,1.13168153,8.5E-5
28.70440,1.13156336,7.2E-5
28.70453,1.13159287,8.4E-5
28.70694,1.13170030,7.1E-5
28.70706,1.13159277,8.2E-5
28.70947,1.13148522,8.4E-5
28.70960,1.13159974,7.1E-5
28.71201,1.13147061,7.8E-5
28.71213,1.13156620,8.0E-5
28.71454,1.13147732,8.1E-5
28.71467,1.13148324,8.4E-5
28.71708,1.13162342,7.6E-5
28.71721,1.13159185,8.4E-5
28.71962,1.13150028,8.2E-5
28.71974,1.13153889,8.5E-5
28.72215,1.13153804,7.8E-5
28.72228,1.13155251,7.8E-5
28.72469,1.13161950,8.6E-5
28.72481,1.13167705,7.3E-5
28.72722,1.13146625,7.3E-5
28.72735,1.13158000,8.1E-5
28.72976,1.13154844,7.2E-5
28.72988,1.13153630,7.9E-5
28.73229,1.13161381,8.2E-5
28.73242,1.13166905,8.2E-5
28.73483,1.13148377,8.6E-5
28.73496,1.13146293,8.3E-5
28.73737,1.13153280,7.1E-5
28.73749,1.13154667,8.3E-5
28.73990,1.13162125,8.0E-5
28.74003,1.13150104,7.2E-5
28.74244,1.13154274,7.3E-5
28.74256,1.13165426,7.8E-5
28.74497,1.13151821,6.9E-5
28.74510,1.13149511,7.6E-5
28.74751,1.13156071,7.1E-5
28.74764,1.13156840,7.0E-5
28.75005,1.13154955,8.0E-5
28.75017,1.13153212,7.4E-5
28.75258,1.13163062,8.4E-5
28.75271,1.13157049,7.5E-5
28.75512,1.13165295,7.9E-5
28.75524,1.13153013,8.0E-5
28.75765,1.13162929,7.9E-5
28.75778,1.13152498,8.1E-5
28.76019,1.13148688,8.5E-5
28.76031,1.13163255,6.9E-5
28.76272,1.13148762,8.6E-5
28.76285,1.13153046,7.2E-5
28.76526,1.13157715,7.7E-5
28.76539,1.13162881,7.4E-5
28.76780,1.13168714,7.0E-5
28.76792,1.13154957,7.8E-5
28.77033,1.13162994,7.7E-5
28.77046,1.13152953,8.4E-5
28.77287,1.13165023,7.9E-5
28.77299,1.13160732,8.1E-5
28.77540,1.13161691,8.3E-5
28.77553,1.13150681,7.9E-5
28.77794,1.13162004,7.3E-5
28.77807,1.13165290,7.8E-5
28.78048,1.13156257,7.9E-5
28.78301,1.13150220,7.4E-5
28.78555,1.13161519,8.4E-5
28.78808,1.13155553,7.0E-5
28.79062,1.13158624,7.3E-5
28.79315,1.13155766,7.3E-5
28.79569,1.13157390,7.9E-5
28.79823,1.13155304,8.3E-5
28.80076,1.13160405,7.4E-5
28.80330,1.13155217,8.4E-5
28.80583,1.13150969,7.7E-5
28.80837,1.13155001,7.3E-5
28.81091,1.13154370,8.2E-5
28.81344,1.13161105,8.4E-5
28.81598,1.13160404,7.9E-5
28.81851,1.13153232,8.2E-5
28.82105,1.13162278,8.6E-5
28.82358,1.13159416,8.2E-5
28.82612,1.13159056,7.6E-5
28.82866,1.13157652,7.1E-5
28.83119,1.13154468,7.2E-5
28.83373,1.13155033,8.5E-5
28.83626,1.13155093,8.1E-5
28.83880,1.13157633,8.0E-5
28.84134,1.13155258,7.3E-5
28.84387,1.13160659,7.1E-5
28.84641,1.13150634,6.9E-5
28.84894,1.13167058,8.3E-5
28.85148,1.13163025,8.6E-5
28.85401,1.13159713,8.0E-5
28.85655,1.13153528,7.6E-5
28.85909,1.13156029,7.2E-5
28.86162,1.13153365,7.7E-5
28.86416,1.13164843,7.9E-5
28.86669,1.13156181,8.4E-5
28.86923,1.13154284,7.7E-5
28.87177,1.13169548,7.9E-5
28.87430,1.13166893,8.0E-5
28.87684,1.13161027,8.6E-5
28.87937,1.13152893,7.6E-5
28.88191,1.13162230,8.1E-5
28.88445,1.13151866,7.4E-5
28.88698,1.13149684,7.6E-5
28.88952,1.13160222,8.0E-5
28.89205,1.13160823,8.4E-5
28.89459,1.13162344,8.1E-5
28.89709,1.13142912,7.4E-5
28.89712,1.13161640,8.1E-5
28.89966,1.13163162,7.1E-5
28.90220,1.13156088,7.8E-5
28.90473,1.13143968,7.0E-5
28.90727,1.13159453,8.3E-5
28.90980,1.13154206,7.3E-5
28.91234,1.13157302,8.0E-5
28.91488,1.13164527,8.0E-5
28.91741,1.13153049,7.9E-5
28.91995,1.13152869,8.3E-5
28.92248,1.13151171,8.2E-5
28.92502,1.13150157,7.2E-5
28.92755,1.13152418,7.3E-5
28.93009,1.13165472,7.1E-5
28.93263,1.13157445,7.4E-5
28.93516,1.13155583,7.2E-5
28.93770,1.13154661,7.4E-5
28.94023,1.13156226,7.5E-5
28.94277,1.13152893,7.3E-5
28.94531,1.13153222,7.9E-5
28.94784,1.13161588,8.4E-5
28.95038,1.13164353,7.4E-5
28.95291,1.13156288,8.4E-5
28.95545,1.13161926,8.1E-5
28.95798,1.13156975,7.3E-5
28.96052,1.13149992,8.1E-5
28.96306,1.13168293,7.9E-5
28.96559,1.13161583,6.9E-5
28.96813,1.13160011,7.1E-5
28.97066,1.13159881,7.1E-5
28.97320,1.13155003,7.2E-5
28.97574,1.13153532,8.3E-5
28.97827,1.13152794,7.5E-5
28.98081,1.13151402,7.6E-5
28.98334,1.13167278,7.2E-5
28.98588,1.13172603,7.5E-5
28.98841,1.13160001,8.5E-5
28.99095,1.13157038,6.9E-5
28.99349,1.13164399,7.6E-5
28.99602,1.13157129,7.1E-5
28.99856,1.13161335,7.8E-5
29.00109,1.13164835,8.6E-5
29.00363,1.13156157,8.1E-5
29.00617,1.13159898,8.1E-5
29.29843,1.13146163,8.6E-5
29.69978,1.13150372,8.5E-5
30.10113,1.13155727,7.6E-5
30.10330,1.13156564,8.5E-5
30.10584,1.13164006,8.5E-5
30.10837,1.13159530,8.4E-5
30.11091,1.13159527,7.5E-5
30.11344,1.13161201,7.9E-5
30.11598,1.13161071,7.3E-5
30.11851,1.13148295,7.6E-5
30.12105,1.13158481,7.5E-5
30.12359,1.13158962,7.1E-5
30.12612,1.13151517,7.0E-5
30.12866,1.13160691,8.6E-5
30.13119,1.13153660,7.8E-5
30.13373,1.13162757,7.2E-5
30.13627,1.13161720,8.1E-5
30.13880,1.13154138,7.5E-5
30.14134,1.13154097,7.7E-5
30.14387,1.13154822,7.7E-5
30.14641,1.13166829,7.0E-5
30.14894,1.13151703,7.7E-5
30.15148,1.13155339,7.5E-5
30.15402,1.13158535,7.3E-5
30.15655,1.13154804,8.5E-5
30.15909,1.13152233,8.1E-5
30.16162,1.13161589,8.3E-5
30.16416,1.13155210,8.0E-5
30.16670,1.13154818,7.6E-5
30.16923,1.13152323,7.8E-5
30.17177,1.13151519,8.0E-5
30.17430,1.13154047,8.6E-5
30.17684,1.13160184,7.6E-5
30.17938,1.13152695,8.2E-5
30.18191,1.13145663,7.8E-5
30.18445,1.13155139,7.6E-5
30.18698,1.13158191,8.0E-5
30.18952,1.13162571,8.4E-5
30.19205,1.13155661,7.1E-5
30.19459,1.13153973,7.3E-5
30.19713,1.13162066,7.0E-5
30.19966,1.13147768,7.1E-5
30.20220,1.13150657,7.7E-5
30.20473,1.13156511,7.3E-5
30.20727,1.13153740,8.6E-5
30.20981,1.13168693,7.9E-5
30.21234,1.13158028,7.0E-5
30.21488,1.13159800,8.0E-5
30.21741,1.13166371,7.8E-5
30.21995,1.13159659,7.0E-5
30.22248,1.13165510,7.9E-5
30.22502,1.13163579,7.2E-5
30.22756,1.13153351,7.6E-5
30.23009,1.13161264,7.8E-5
30.23263,1.13152421,7.2E-5
30.23516,1.13158640,8.6E-5
30.23770,1.13153414,7.4E-5
30.24024,1.13150078,7.4E-5
30.24277,1.13151427,7.5E-5
30.24531,1.13157878,7.6E-5
30.24784,1.13159970,8.0E-5
30.25038,1.13157273,7.6E-5
30.25291,1.13151889,7.4E-5
30.25545,1.13158463,8.0E-5
30.25799,1.13143810,7.7E-5
30.26052,1.13152157,7.5E-5
30.26306,1.13151876,7.6E-5
30.26559,1.13150052,7.2E-5
30.26813,1.13155564,7.1E-5
30.27067,1.13147787,7.9E-5
30.27320,1.13163213,7.9E-5
30.27574,1.13150415,8.0E-5
30.27827,1.13156482,8.3E-5
30.28081,1.13152175,7.3E-5
30.28334,1.13156922,8.0E-5
30.28588,1.13162429,8.0E-5
30.28842,1.13160417,8.3E-5
30.29095,1.13148051,7.6E-5
30.29349,1.13157580,8.4E-5
30.29602,1.13153545,7.0E-5
30.29856,1.13157370,7.6E-5
30.30110,1.13153794,7.3E-5
30.30363,1.13157492,7.2E-5
30.30617,1.13149203,8.1E-5
30.30870,1.13156416,7.7E-5
30.31124,1.13159565,7.9E-5
30.31377,1.13149256,8.1E-5
30.31631,1.13154960,7.4E-5
30.31885,1.13167441,8.1E-5
30.32138,1.13150840,7.5E-5
30.32392,1.13158804,8.3E-5
30.32645,1.13164826,7.7E-5
30.32899,1.13160381,8.5E-5
30.33153,1.13153467,7.4E-5
30.33406,1.13154104,7.2E-5
30.33660,1.13158227,8.4E-5
30.33913,1.13160279,7.4E-5
30.34167,1.13167822,8.5E-5
30.34420,1.13154030,7.8E-5
30.34674,1.13150107,8.2E-5
30.34928,1.13151702,7.0E-5
30.35181,1.13159581,7.7E-5
30.35435,1.13160878,8.4E-5
30.35688,1.13159889,8.3E-5
30.35942,1.13164891,8.6E-5
30.36196,1.13156474,8.2E-5
30.36449,1.13157913,7.9E-5
30.36703,1.13159187,8.5E-5
30.36956,1.13156454,8.2E-5
30.37210,1.13160404,7.6E-5
30.37463,1.13153385,8.3E-5
30.37717,1.13170199,8.3E-5
30.37971,1.13160803,7.5E-5
30.38224,1.13150564,7.4E-5
30.38478,1.13159234,8.4E-5
30.38731,1.13156466,8.6E-5
30.38985,1.13159324,7.1E-5
30.39239,1.13172037,8.0E-5
30.39492,1.13155076,7.4E-5
30.39746,1.13163190,7.5E-5
30.39999,1.13149942,8.4E-5
30.40253,1.13162461,8.4E-5
30.40506,1.13160293,7.0E-5
30.50248,1.13149156,8.5E-5
30.90383,1.13153180,7.3E-5
30.92971,1.13154739,7.8E-5
30.93224,1.13148872,7.7E-5
30.93478,1.13154232,8.4E-5
30.93731,1.13144390,6.9E-5
30.93985,1.13160399,7.4E-5
30.94238,1.13151378,7.6E-5
30.94492,1.13159235,8.5E-5
30.94746,1.13156922,8.2E-5
30.94999,1.13158343,8.1E-5
30.95253,1.13155351,8.4E-5
30.95506,1.13157389,7.1E-5
30.95760,1.13160952,7.3E-5
30.96014,1.13149710,8.3E-5
30.96267,1.13146562,7.0E-5
30.96521,1.13161197,7.6E-5
30.96774,1.13164843,8.5E-5
30.97028,1.13148600,8.2E-5
30.97281,1.13160595,8.4E-5
30.97535,1.13167768,8.4E-5
30.97789,1.13151748,8.3E-5
30.98042,1.13159380,7.1E-5
30.98296,1.13161950,8.3E-5
30.98549,1.13162248,7.1E-5
30.98803,1.13152971,6.9E-5
30.99057,1.13149527,7.7E-5
30.99310,1.13158929,7.0E-5
30.99564,1.13159379,7.1E-5
30.99817,1.13154583,8.6E-5
31.00071,1.13159769,7.0E-5
31.00325,1.13155022,7.7E-5
31.00578,1.13166232,8.0E-5
31.00832,1.13154406,7.3E-5
31.01085,1.13151522,7.8E-5
31.01339,1.13154352,8.4E-5
31.01592,1.13152963,8.4E-5
31.01846,1.13156470,8.5E-5
31.02100,1.13161327,7.8E-5
31.02353,1.13164379,7.6E-5
31.02607,1.13150725,7.6E-5
31.02860,1.13149355,7.3E-5
31.03114,1.13163285,7.3E-5
31.03368,1.13159058,8.2E-5
31.03621,1.13169879,7.0E-5
31.03875,1.13151636,8.0E-5
31.04128,1.13166498,7.8E-5
31.04382,1.13152885,7.5E-5
31.04635,1.13156551,7.6E-5
31.04889,1.13159549,8.4E-5
31.05143,1.13152660,7.9E-5
31.05396,1.13160460,8.4E-5
31.05650,1.13162719,8.4E-5
31.05903,1.13162913,7.2E-5
31.06157,1.13161016,7.5E-5
31.06411,1.13156603,7.9E-5
31.06664,1.13157211,7.1E-5
31.06918,1.13160943,7.1E-5
31.07171,1.13151629,8.1E-5
31.07425,1.13160592,7.9E-5
31.07678,1.13158106,7.1E-5
31.07932,1.13157266,7.9E-5
31.08186,1.13152775,7.0E-5
31.08439,1.13160712,7.3E-5
31.08693,1.13171371,7.6E-5
31.08946,1.13160206,8.1E-5
31.09200,1.13163285,8.4E-5
31.09454,1.13166096,7.9E-5
31.09707,1.13161286,7.9E-5
31.09961,1.13157679,7.6E-5
31.10214,1.13162035,7.3E-5
31.10468,1.13158810,8.0E-5
31.10721,1.13168095,7.2E-5
31.10975,1.13157824,8.6E-5
31.11229,1.13162210,7.2E-5
31.11482,1.13161402,7.5E-5
31.11736,1.13168306,8.5E-5
31.11989,1.13163112,7.9E-5
31.12243,1.13146379,7.6E-5
31.12497,1.13155624,7.2E-5
31.12750,1.13150328,6.9E-5
31.13004,1.13153418,7.8E-5
31.13257,1.13156139,8.2E-5
31.13511,1.13140807,7.5E-5
31.13764,1.13162916,7.5E-5
31.14018,1.13154878,7.8E-5
31.14272,1.13152327,7.7E-5
31.14525,1.13163222,7.0E-5
31.14779,1.13156925,7.8E-5
31.15032,1.13146498,8.0E-5
31.15286,1.13158504,7.0E-5
31.15540,1.13170819,8.0E-5
31.15793,1.13150334,8.3E-5
31.16047,1.13158445,8.5E-5
31.16300,1.13152935,7.6E-5
31.16554,1.13163766,7.3E-5
31.16807,1.13167366,8.5E-5
31.17061,1.13160661,7.9E-5
31.17315,1.13160953,7.5E-5
31.17568,1.13158947,8.5E-5
31.17822,1.13159415,8.2E-5
31.18075,1.13163411,8.1E-5
31.18329,1.13154572,7.8E-5
31.18583,1.13154843,8.2E-5
31.18836,1.13148457,7.6E-5
31.19090,1.13153368,8.3E-5
31.19343,1.13164688,7.0E-5
31.19597,1.13151178,7.9E-5
31.19850,1.13156817,6.9E-5
31.20104,1.13163593,7.3E-5
31.20358,1.13166542,7.3E-5
31.20611,1.13158581,8.5E-5
31.20865,1.13156919,8.5E-5
31.21118,1.13155649,7.7E-5
31.21372,1.13155415,7.9E-5
31.21626,1.13152673,6.9E-5
31.21879,1.13151137,7.3E-5
31.22133,1.13158786,8.6E-5
31.22386,1.13153103,6.9E-5
31.22640,1.13152691,8.1E-5
31.22893,1.13148723,7.5E-5
31.23147,1.13164045,8.1E-5
31.24253,1.13172150,8.5E-5
31.24507,1.13157526,7.1E-5
31.24760,1.13153575,7.4E-5
31.25014,1.13159309,7.2E-5
31.25268,1.13157739,7.3E-5
31.25521,1.13159734,8.2E-5
31.25775,1.13148238,7.3E-5
31.26028,1.13153613,8.3E-5
31.26282,1.13160259,7.3E-5
31.26536,1.13153421,8.6E-5
31.26789,1.13169365,8.3E-5
31.27043,1.13144867,7.1E-5
31.27296,1.13164257,8.5E-5
31.27550,1.13154205,8.3E-5
31.27803,1.13150556,8.5E-5
31.28057,1.13157758,7.5E-5
31.28311,1.13158397,7.6E-5
31.28564,1.13159460,8.0E-5
31.28818,1.13165436,8.3E-5
31.29071,1.13145608,8.4E-5
31.29325,1.13157466,7.5E-5
31.29579,1.13149504,7.9E-5
31.29832,1.13163889,7.6E-5
31.30086,1.13166330,7.6E-5
31.30339,1.13155820,8.5E-5
31.30518,1.13164153,8.4E-5
31.30593,1.13165537,6.9E-5
31.30846,1.13154032,7.3E-5
31.31100,1.13163940,8.1E-5
31.31354,1.13158716,7.5E-5
31.31607,1.13155471,7.0E-5
31.31861,1.13160315,8.0E-5
31.32114,1.13148829,7.4E-5
31.32368,1.13160119,7.0E-5
31.32622,1.13156775,7.2E-5
31.32875,1.13155250,7.1E-5
31.33129,1.13169919,7.6E-5
31.33382,1.13167127,8.2E-5
31.33636,1.13163507,7.3E-5
31.33889,1.13156115,8.4E-5
31.34143,1.13161528,7.9E-5
31.34397,1.13161673,7.5E-5
31.34650,1.13150541,8.4E-5
31.34904,1.13159660,8.6E-5
31.35157,1.13147597,7.3E-5
31.35411,1.13161649,7.9E-5
31.35665,1.13154140,7.3E-5
31.35918,1.13147837,7.7E-5
31.36172,1.13157738,8.0E-5
31.36425,1.13155822,7.2E-5
31.36679,1.13157906,8.3E-5
31.36932,1.13154818,7.4E-5
31.37186,1.13158780,7.6E-5
31.37440,1.13155362,7.3E-5
31.37693,1.13152623,8.4E-5
31.37947,1.13156095,7.3E-5
31.38200,1.13156323,6.9E-5
31.38454,1.13155987,6.9E-5
31.38708,1.13149880,8.1E-5
31.38961,1.13156700,7.1E-5
31.39215,1.13162224,7.8E-5
31.39468,1.13162403,7.4E-5
31.39722,1.13159462,8.1E-5
31.39975,1.13155744,7.7E-5
31.40229,1.13162745,8.5E-5
31.40483,1.13158610,8.5E-5
31.40736,1.13155454,7.0E-5
31.40990,1.13153321,8.2E-5
31.41243,1.13156169,7.7E-5
31.41497,1.13153696,7.7E-5
31.41751,1.13152395,7.5E-5
31.42004,1.13157829,8.6E-5
31.42258,1.13164825,7.8E-5
31.42511,1.13161136,8.0E-5
31.42765,1.13151395,8.5E-5
31.43018,1.13164302,7.2E-5
31.43272,1.13162872,8.1E-5
31.43526,1.13156822,8.0E-5
31.43779,1.13154796,7.7E-5
31.44033,1.13162962,8.6E-5
31.44286,1.13163341,7.4E-5
31.44540,1.13158678,7.3E-5
31.44794,1.13164821,8.0E-5
31.45047,1.13158138,6.9E-5
31.45301,1.13158131,7.7E-5
31.45554,1.13149556,7.7E-5
31.45808,1.13160504,7.8E-5
31.46061,1.13157024,8.4E-5
31.46315,1.13156422,8.0E-5
31.46569,1.13152940,7.6E-5
31.46822,1.13162496,8.0E-5
31.47076,1.13156961,8.4E-5
31.47329,1.13161549,7.9E-5
31.47583,1.13164051,8.5E-5
31.47837,1.13151067,7.2E-5
31.48090,1.13159647,7.8E-5
31.48344,1.13160244,8.4E-5
31.48597,1.13159967,7.1E-5
31.48851,1.13151429,8.6E-5
31.48972,1.13158085,7.1E-5
31.49104,1.13163233,7.2E-5
31.49358,1.13155458,7.7E-5
31.49482,1.13148766,7.8E-5
31.49612,1.13149528,7.5E-5
31.49865,1.13152533,7.1E-5
31.49991,1.13153350,8.6E-5
31.50119,1.13148353,8.4E-5
31.50372,1.13156232,7.2E-5
31.50500,1.13156095,7.1E-5
31.50626,1.13151478,6.9E-5
31.50880,1.13161470,7.6E-5
31.51010,1.13158019,7.3E-5
31.51133,1.13159107,8.3E-5
31.51387,1.13161863,7.2E-5
31.51519,1.13157530,6.9E-5
31.51640,1.13149307,8.5E-5
31.51894,1.13164995,7.6E-5
31.52028,1.13151649,7.2E-5
31.52147,1.13162515,7.0E-5
31.52401,1.13156952,8.6E-5
31.52538,1.13155161,8.4E-5
31.52655,1.13154349,8.6E-5
31.52908,1.13156863,7.9E-5
31.53047,1.13164386,8.6E-5
31.53162,1.13154662,8.2E-5
31.53415,1.13153659,7.9E-5
31.53556,1.13159330,7.5E-5
31.53669,1.13147268,8.6E-5
31.53923,1.13163423,7.0E-5
31.54066,1.13155128,8.2E-5
31.54176,1.13163317,7.4E-5
31.54430,1.13157710,8.5E-5
31.54575,1.13151978,7.5E-5
31.55084,1.13155767,7.8E-5
31.55593,1.13154205,8.6E-5
31.56103,1.13165878,8.0E-5
31.56612,1.13157194,7.4E-5
31.57121,1.13151297,8.2E-5
31.57631,1.13151404,8.6E-5
31.58140,1.13164439,8.2E-5
31.58649,1.13160326,7.0E-5
31.59159,1.13149731,7.0E-5
31.59668,1.13149568,8.4E-5
31.60177,1.13156785,7.8E-5
31.60687,1.13148293,7.8E-5
31.61196,1.13164963,7.0E-5
31.61705,1.13164580,7.7E-5
31.62214,1.13168898,8.6E-5
31.62724,1.13156487,8.6E-5
31.63233,1.13148983,7.6E-5
31.63742,1.13159271,8.6E-5
31.64252,1.13155561,7.0E-5
31.64761,1.13155109,8.1E-5
31.65270,1.13163438,8.6E-5
31.65780,1.13158172,8.2E-5
31.66289,1.13165728,6.9E-5
31.66798,1.13163621,7.1E-5
31.67308,1.13165040,7.7E-5
31.67817,1.13149411,6.9E-5
31.68326,1.13150009,8.5E-5
31.68835,1.13151330,8.3E-5
31.69345,1.13162915,8.6E-5
31.69854,1.13175361,8.2E-5
31.70363,1.13155829,7.3E-5
31.70652,1.13163534,7.4E-5
31.70873,1.13156431,7.9E-5
31.71382,1.13160184,8.6E-5
31.71891,1.13158828,7.2E-5
31.72401,1.13150763,8.3E-5
31.72910,1.13160567,7.0E-5
31.73419,1.13157502,8.2E-5
31.73929,1.13152475,7.5E-5
31.74438,1.13166239,7.8E-5
31.74947,1.13150786,7.8E-5
31.75456,1.13154658,8.2E-5
31.75966,1.13157365,8.1E-5
31.76475,1.13153242,7.7E-5
31.76984,1.13162584,7.7E-5
31.77494,1.13159158,6.9E-5
31.78003,1.13145901,7.2E-5
31.78512,1.13169556,7.3E-5
31.79022,1.13162440,7.6E-5
31.79531,1.13163921,8.4E-5
31.80040,1.13158608,7.7E-5
31.80550,1.13157514,8.6E-5
31.81059,1.13155945,8.6E-5
31.81568,1.13156022,7.7E-5
31.82077,1.13167958,7.3E-5
31.82587,1.13157784,7.6E-5
31.83096,1.13151192,7.1E-5
31.83605,1.13160779,7.0E-5
31.84115,1.13160296,8.2E-5
31.84624,1.13157286,7.6E-5
31.85133,1.13158126,8.2E-5
31.85643,1.13165298,7.5E-5
31.86152,1.13146135,7.3E-5
31.86661,1.13159950,8.3E-5
31.87171,1.13163915,8.6E-5
31.87680,1.13148571,7.3E-5
31.88189,1.13156468,8.2E-5
31.88698,1.13164165,7.8E-5
31.89208,1.13161852,8.3E-5
32.10787,1.13151177,8.0E-5
32.50922,1.13160744,7.0E-5
32.91057,1.13155273,7.9E-5
33.31192,1.13151597,8.0E-5
33.71327,1.13159091,7.0E-5
34.11461,1.13157274,6.9E-5
34.51596,1.13159450,7.7E-5
34.91731,1.13165088,8.2E-5
35.31866,1.13160804,7.7E-5
35.72001,1.13158480,8.2E-5
36.12136,1.13161229,8.2E-5
36.52271,1.13156099,7.6E-5
36.74896,1.13159961,7.9E-5
36.75150,1.13151460,7.4E-5
36.75403,1.13154500,8.2E-5
36.75657,1.13152079,7.1E-5
36.75910,1.13154657,7.2E-5
36.76164,1.13155409,7.1E-5
36.76417,1.13161544,8.5E-5
36.76671,1.13158120,8.0E-5
36.76925,1.13156523,7.9E-5
36.77178,1.13155493,7.5E-5
36.77432,1.13156607,7.4E-5
36.77685,1.13158082,7.2E-5
36.77939,1.13148891,8.1E-5
36.78193,1.13156441,8.1E-5
36.78446,1.13161665,7.4E-5
36.78700,1.13157949,7.0E-5
36.78953,1.13151832,8.2E-5
36.79207,1.13152558,8.2E-5
36.79460,1.13145741,8.2E-5
36.79714,1.13165132,7.6E-5
36.79968,1.13166922,8.2E-5
36.80221,1.13149456,7.4E-5
36.80475,1.13160267,7.4E-5
36.80728,1.13157689,8.2E-5
36.80982,1.13163001,8.0E-5
36.81236,1.13160271,6.9E-5
36.81489,1.13156599,8.2E-5
36.81743,1.13158962,8.6E-5
36.81996,1.13149418,7.5E-5
36.82250,1.13156062,7.6E-5
36.82503,1.13171316,7.6E-5
36.82757,1.13168900,7.0E-5
36.83011,1.13155260,8.1E-5
36.83264,1.13156456,8.0E-5
36.83518,1.13159315,8.6E-5
36.83771,1.13160465,7.2E-5
36.84025,1.13159834,7.5E-5
36.84279,1.13167876,8.3E-5
36.84532,1.13149556,8.1E-5
36.84786,1.13146219,7.4E-5
36.85039,1.13144358,8.5E-5
36.85293,1.13158891,8.1E-5
36.85546,1.13157443,8.3E-5
36.85800,1.13155999,7.8E-5
36.86054,1.13151332,8.0E-5
36.86307,1.13153839,8.3E-5
36.86561,1.13161840,7.6E-5
36.86814,1.13160790,7.0E-5
36.87068,1.13152868,7.2E-5
36.87322,1.13161489,7.4E-5
36.87575,1.13156055,7.6E-5
36.87829,1.13154906,8.2E-5
36.88082,1.13162076,7.1E-5
36.88336,1.13159308,8.1E-5
36.88589,1.13153472,8.6E-5
36.88843,1.13161102,7.3E-5
36.89097,1.13171101,8.6E-5
36.89350,1.13160648,7.5E-5
36.89604,1.13152278,8.3E-5
36.89857,1.13161141,8.4E-5
36.90111,1.13157756,8.4E-5
36.90365,1.13165385,7.4E-5
36.90618,1.13165334,7.6E-5
36.90872,1.13166192,7.9E-5
36.91125,1.13149748,7.9E-5
36.91379,1.13150531,7.3E-5
36.91632,1.13157363,7.3E-5
36.91886,1.13150486,8.2E-5
36.92140,1.13152567,8.1E-5
36.92393,1.13159616,6.9E-5
36.92405,1.13155110,8.6E-5
36.92647,1.13151707,8.2E-5
36.92900,1.13158063,7.2E-5
36.93154,1.13161333,7.4E-5
36.93408,1.13156440,8.6E-5
36.93661,1.13150451,7.5E-5
36.93915,1.13151584,8.0E-5
36.94168,1.13145582,6.9E-5
36.94422,1.13158893,8.5E-5
36.94675,1.13154140,7.5E-5
36.94929,1.13155247,7.9E-5
36.95183,1.13150066,7.3E-5
36.95436,1.13151262,8.1E-5
36.95690,1.13162335,7.2E-5
36.95943,1.13156021,7.3E-5
36.96197,1.13156556,8.6E-5
36.96451,1.13157465,8.0E-5
36.96704,1.13151896,7.9E-5
36.96958,1.13166370,8.2E-5
36.97211,1.13150382,8.2E-5
36.97465,1.13165566,6.9E-5
36.97718,1.13156093,7.9E-5
36.97972,1.13161658,8.2E-5
36.98226,1.13154606,8.1E-5
36.98479,1.13152609,7.7E-5
36.98733,1.13155271,8.2E-5
36.98986,1.13155466,8.0E-5
36.99240,1.13154806,7.2E-5
36.99494,1.13165061,7.3E-5
36.99747,1.13149003,8.1E-5
37.00001,1.13162368,7.5E-5
37.00254,1.13152564,8.2E-5
37.00508,1.13157746,8.3E-5
37.00761,1.13163441,7.8E-5
37.01015,1.13158244,7.5E-5
37.01269,1.13159496,8.4E-5
37.01522,1.13154541,8.6E-5
37.01776,1.13157709,8.4E-5
37.02029,1.13162980,8.3E-5
37.02283,1.13161451,8.4E-5
37.02537,1.13159767,7.5E-5
37.02790,1.13162054,8.3E-5
37.03044,1.13156729,7.8E-5
37.03297,1.13152370,7.6E-5
37.03551,1.13162631,7.4E-5
37.03804,1.13165747,8.0E-5
37.04058,1.13155218,8.3E-5
37.04312,1.13161624,8.0E-5
37.04565,1.13164157,7.6E-5
37.04819,1.13150730,7.5E-5
37.05072,1.13156363,8.2E-5
37.32540,1.13150240,7.0E-5
37.72675,1.13145747,7.9E-5
38.12810,1.13151565,8.2E-5
38.52945,1.13151138,7.1E-5
38.93080,1.13154291,8.4E-5
39.17964,1.13148361,8.5E-5
39.18218,1.13156541,7.9E-5
39.18471,1.13168429,8.1E-5
39.18725,1.13147591,7.7E-5
39.18978,1.13158847,6.9E-5
39.19232,1.13161821,8.5E-5
39.19486,1.13170011,7.3E-5
39.19739,1.13164526,8.3E-5
39.19993,1.13149180,8.4E-5
39.20246,1.13160767,7.7E-5
39.20500,1.13169051,7.3E-5
39.20753,1.13157523,7.2E-5
39.21007,1.13145393,8.2E-5
39.21261,1.13156649,7.7E-5
39.21514,1.13166388,7.6E-5
39.21768,1.13161144,8.1E-5
39.22021,1.13155582,8.5E-5
39.22275,1.13145950,7.0E-5
39.22529,1.13165712,7.1E-5
39.22782,1.13154494,8.6E-5
39.23036,1.13172659,7.2E-5
39.23289,1.13146653,8.4E-5
39.23543,1.13150036,8.4E-5
39.23796,1.13153605,8.4E-5
39.24050,1.13167641,7.7E-5
39.24304,1.13155943,6.9E-5
39.24557,1.13170758,7.0E-5
39.24811,1.13154477,8.0E-5
39.25064,1.13151461,7.4E-5
39.25318,1.13160728,8.0E-5
39.25572,1.13158085,7.7E-5
39.25825,1.13163439,8.4E-5
39.26079,1.13154076,7.8E-5
39.26332,1.13154257,7.0E-5
39.26586,1.13157902,8.0E-5
39.26839,1.13150230,7.6E-5
39.27093,1.13158254,8.2E-5
39.27347,1.13156427,7.0E-5
39.27600,1.13158713,7.3E-5
39.27854,1.13154332,7.7E-5
39.28107,1.13168028,7.4E-5
39.28361,1.13162844,6.9E-5
39.28615,1.13163634,8.1E-5
39.28868,1.13161303,7.5E-5
39.29122,1.13156124,7.7E-5
39.29375,1.13157656,8.0E-5
39.29629,1.13160278,7.0E-5
39.29882,1.13164521,7.1E-5
39.30136,1.13157335,7.9E-5
39.30390,1.13162877,7.7E-5
39.30643,1.13159289,8.2E-5
39.30897,1.13157219,7.1E-5
39.31150,1.13160860,8.5E-5
39.31404,1.13162187,7.7E-5
39.31658,1.13161238,8.1E-5
39.31911,1.13157535,7.8E-5
39.32165,1.13159439,7.3E-5
39.32418,1.13163536,7.1E-5
39.32672,1.13155152,7.7E-5
39.32925,1.13166205,7.6E-5
39.33179,1.13164477,7.7E-5
39.33214,1.13155989,7.1E-5
39.33433,1.13159872,7.3E-5
39.33686,1.13159335,7.2E-5
39.33940,1.13155027,7.3E-5
39.34193,1.13157572,7.0E-5
39.34447,1.13150408,8.4E-5
39.34701,1.13160482,8.0E-5
39.34954,1.13160063,7.6E-5
39.35208,1.13158877,7.5E-5
39.35461,1.13152701,7.1E-5
39.35715,1.13151475,8.3E-5
39.35968,1.13161300,7.5E-5
39.36222,1.13152844,8.6E-5
39.36476,1.13160687,8.0E-5
39.36729,1.13156701,8.1E-5
39.36983,1.13168504,7.8E-5
39.37236,1.13161889,7.4E-5
39.37490,1.13159937,7.8E-5
39.37744,1.13144119,8.3E-5
39.37997,1.13155876,7.8E-5
39.38251,1.13151597,8.3E-5
39.38504,1.13161718,8.5E-5
39.38758,1.13167473,8.5E-5
39.39012,1.13152225,8.0E-5
39.39265,1.13152848,7.7E-5
39.39519,1.13155348,7.2E-5
39.39772,1.13158622,8.5E-5
39.40026,1.13164674,7.5E-5
39.40279,1.13150509,7.7E-5
39.40533,1.13155992,8.5E-5
39.40787,1.13149135,8.6E-5
39.41040,1.13149547,7.2E-5
39.41294,1.13156131,8.4E-5
39.41547,1.13155578,7.4E-5
39.41801,1.13149660,8.1E-5
39.42055,1.13166036,7.1E-5
39.42308,1.13155275,7.7E-5
39.42562,1.13161113,6.9E-5
39.42815,1.13162221,7.8E-5
39.43069,1.13157659,7.2E-5
39.43322,1.13159369,7.3E-5
39.43576,1.13154482,7.4E-5
39.43830,1.13155160,7.9E-5
39.44083,1.13155376,7.0E-5
39.44337,1.13151572,7.0E-5
39.44590,1.13153985,8.4E-5
39.44844,1.13147324,7.4E-5
39.45098,1.13152558,7.6E-5
39.45351,1.13158257,7.3E-5
39.45605,1.13158104,7.5E-5
39.45858,1.13161397,7.8E-5
39.46112,1.13149615,7.8E-5
39.46365,1.13153404,7.4E-5
39.46619,1.13159042,7.6E-5
39.46873,1.13161046,7.9E-5
39.47126,1.13166148,7.5E-5
39.47380,1.13157933,7.3E-5
39.47633,1.13155117,7.1E-5
39.47887,1.13160612,8.1E-5
39.48141,1.13158628,7.3E-5
39.52905,1.13156408,7.8E-5
39.53158,1.13151451,8.3E-5
39.53412,1.13157385,7.3E-5
39.53665,1.13153170,7.5E-5
39.53919,1.13158297,7.9E-5
39.54173,1.13152257,8.5E-5
39.54426,1.13166362,8.0E-5
39.54680,1.13149904,8.0E-5
39.54933,1.13153655,7.1E-5
39.55187,1.13156273,6.9E-5
39.55440,1.13157895,8.2E-5
39.55694,1.13158327,7.1E-5
39.55948,1.13151417,7.6E-5
39.56201,1.13160177,8.3E-5
39.56455,1.13159927,7.5E-5
39.56708,1.13151575,8.5E-5
39.56962,1.13155484,7.6E-5
39.57216,1.13148467,8.6E-5
39.57469,1.13160291,8.2E-5
39.57723,1.13156681,7.3E-5
39.57976,1.13156318,8.2E-5
39.58230,1.13174892,8.4E-5
39.58483,1.13161720,7.7E-5
39.58737,1.13163249,7.0E-5
39.58991,1.13164786,7.3E-5
39.59244,1.13156911,8.1E-5
39.59498,1.13157106,7.0E-5
39.59751,1.13158058,8.0E-5
39.60005,1.13158186,7.9E-5
39.60259,1.13152648,7.4E-5
39.60512,1.13156396,7.5E-5
39.60766,1.13162550,7.3E-5
39.61019,1.13160563,7.8E-5
39.61273,1.13149659,7.8E-5
39.61526,1.13161744,6.9E-5
39.61780,1.13158349,8.0E-5
39.62034,1.13154845,8.6E-5
39.62287,1.13147882,7.3E-5
39.62541,1.13154773,7.5E-5
39.62794,1.13161408,7.9E-5
39.63048,1.13158563,8.0E-5
39.63302,1.13156314,8.2E-5
39.63555,1.13155011,7.5E-5
39.63809,1.13153186,7.8E-5
39.64062,1.13158335,8.4E-5
39.64316,1.13158834,7.2E-5
39.64569,1.13155302,7.1E-5
39.64823,1.13158890,7.3E-5
39.65077,1.13159243,7.2E-5
39.65330,1.13164312,8.4E-5
39.65584,1.13154966,7.4E-5
39.65837,1.13156992,7.7E-5
39.66091,1.13163685,7.2E-5
39.66345,1.13154349,7.2E-5
39.66598,1.13152535,7.9E-5
39.66852,1.13163959,8.4E-5
39.67105,1.13156535,6.9E-5
39.67359,1.13150440,7.9E-5
39.67613,1.13162351,8.6E-5
39.67866,1.13156487,8.6E-5
39.68120,1.13161830,8.0E-5
39.68373,1.13159166,8.5E-5
39.68627,1.13155970,7.1E-5
39.68880,1.13138036,8.1E-5
39.69134,1.13157481,8.6E-5
39.69388,1.13151845,7.5E-5
39.69641,1.13156829,8.4E-5
39.69895,1.13164909,7.6E-5
39.70148,1.13145595,7.4E-5
39.70402,1.13161067,7.0E-5
39.70656,1.13151771,7.2E-5
39.70909,1.13163454,8.2E-5
39.71163,1.13160510,7.5E-5
39.71416,1.13148807,7.2E-5
39.71670,1.13151966,8.0E-5
39.71923,1.13158478,7.6E-5
39.72177,1.13159732,7.5E-5
39.72431,1.13158323,8.4E-5
39.72684,1.13166533,8.6E-5
39.72938,1.13157892,8.6E-5
39.73191,1.13161062,8.0E-5
39.73349,1.13152549,7.4E-5
39.73445,1.13162999,7.4E-5
39.73699,1.13151367,8.0E-5
39.73952,1.13173577,7.4E-5
39.74206,1.13157293,7.6E-5
39.74459,1.13161035,7.6E-5
39.74713,1.13158473,7.1E-5
39.74966,1.13162140,7.0E-5
39.75220,1.13147164,8.5E-5
39.75474,1.13144625,7.2E-5
39.75727,1.13160496,7.5E-5
39.75981,1.13164485,8.1E-5
39.76234,1.13151310,7.6E-5
39.76488,1.13155794,7.7E-5
39.76742,1.13160214,7.7E-5
39.76995,1.13158085,7.2E-5
39.77249,1.13155592,7.4E-5
39.77502,1.13156643,8.5E-5
39.77756,1.13153728,7.0E-5
39.78009,1.13156556,7.2E-5
39.78263,1.13162330,7.3E-5
39.78517,1.13153312,8.0E-5
39.78770,1.13158398,7.7E-5
39.79024,1.13150278,8.3E-5
39.79277,1.13155040,8.0E-5
39.79531,1.13160969,7.1E-5
39.79785,1.13154866,7.2E-5
39.80038,1.13160076,8.5E-5
39.80292,1.13158271,8.2E-5
39.80545,1.13146250,8.6E-5
39.80799,1.13163937,8.2E-5
39.81052,1.13174669,7.7E-5
39.81306,1.13158809,7.7E-5
39.81560,1.13158112,8.5E-5
39.81813,1.13169562,7.0E-5
39.82067,1.13161126,8.1E-5
39.82320,1.13154178,7.5E-5
39.82574,1.13159156,7.6E-5
39.82828,1.13153691,7.3E-5
39.83081,1.13158036,6.9E-5
39.97030,1.12868642,8.6E-5
39.97238,1.12803470,8.1E-5
39.97446,1.12801171,7.7E-5
39.97655,1.12767732,8.4E-5
39.97863,1.12759285,8.5E-5
39.98071,1.12746709,8.0E-5
39.98279,1.12733757,8.2E-5
39.98488,1.12733120,7.9E-5
39.98696,1.12709125,7.0E-5
39.98904,1.12701243,7.4E-5
39.99113,1.12702918,7.7E-5
39.99321,1.12696055,8.5E-5
39.99529,1.12679881,7.2E-5
39.99737,1.12679627,7.7E-5
39.99946,1.12668843,8.5E-5
40.00154,1.12665751,7.6E-5
40.00362,1.12664297,7.0E-5
40.00571,1.12659032,7.6E-5
40.00779,1.12650348,8.3E-5
40.00987,1.12643945,8.4E-5
40.01195,1.12653378,7.9E-5
40.01404,1.12631650,7.8E-5
40.01612,1.12644547,7.2E-5
40.01820,1.12628192,8.6E-5
40.02029,1.12638695,8.5E-5
40.02237,1.12627138,7.4E-5
40.02445,1.12634054,8.1E-5
40.02653,1.12619172,8.6E-5
40.02862,1.12629335,7.2E-5
40.03070,1.12616140,8.2E-5
40.03278,1.12620167,7.9E-5
40.03487,1.12626308,8.1E-5
40.03695,1.12621446,8.1E-5
40.03903,1.12624035,7.5E-5
40.04111,1.12619663,7.3E-5
40.04320,1.12625206,7.9E-5
40.04528,1.12615537,7.9E-5
40.04736,1.12605883,7.0E-5
40.04945,1.12611768,8.1E-5
40.05153,1.12617081,8.3E-5
40.05361,1.12612897,8.1E-5
40.05569,1.12616516,8.6E-5
40.05778,1.12621583,7.1E-5
40.05986,1.12621881,8.5E-5
40.06194,1.12634919,8.6E-5
40.06402,1.12624977,7.7E-5
40.06611,1.12631851,7.3E-5
40.06819,1.12627711,8.0E-5
40.07027,1.12622081,7.2E-5
40.07236,1.12625836,7.4E-5
40.07444,1.12627237,7.8E-5
40.07652,1.12629923,8.1E-5
40.07860,1.12625527,7.8E-5
40.08069,1.12640515,8.2E-5
40.08277,1.12637568,8.5E-5
40.08485,1.12642369,7.9E-5
40.08694,1.12634537,7.4E-5
40.08902,1.12647548,8.1E-5
40.09110,1.12661932,8.2E-5
40.09318,1.12662412,8.2E-5
40.09527,1.12665385,7.2E-5
40.09735,1.12661483,8.5E-5
40.09943,1.12684215,8.1E-5
40.10152,1.12686284,7.5E-5
40.10360,1.12685543,8.6E-5
40.10568,1.12685382,7.5E-5
40.10776,1.12693624,8.0E-5
40.10985,1.12705151,7.5E-5
40.11193,1.12727166,6.9E-5
40.11401,1.12720208,7.6E-5
40.11610,1.12738741,8.5E-5
40.11818,1.12747966,8.5E-5
40.12026,1.12762715,7.7E-5
40.12234,1.12782479,7.0E-5
40.12443,1.12793138,7.1E-5
40.12651,1.12808668,7.5E-5
40.12859,1.12855565,7.6E-5
40.13068,1.12914965,8.5E-5
40.13276,1.12987392,7.5E-5
40.13484,1.13072846,8.5E-5
40.13484,1.13072126,8.1E-5
40.64320,1.13160525,8.0E-5
40.64574,1.13159998,8.4E-5
40.64827,1.13160362,7.3E-5
40.65081,1.13153147,8.3E-5
40.65335,1.13159092,8.1E-5
40.65588,1.13158366,8.3E-5
40.65842,1.13160872,8.6E-5
40.66095,1.13164373,7.4E-5
40.66349,1.13168121,7.7E-5
40.66603,1.13161896,7.3E-5
40.66856,1.13159970,7.6E-5
40.67110,1.13162865,7.3E-5
40.67363,1.13161893,7.3E-5
40.67617,1.13161754,8.5E-5
40.67870,1.13160436,7.7E-5
40.68124,1.13158873,8.1E-5
40.68378,1.13160093,8.4E-5
40.68631,1.13152199,8.6E-5
40.68885,1.13150678,8.5E-5
40.69138,1.13150432,8.4E-5
40.69392,1.13154207,8.1E-5
40.69646,1.13162134,7.4E-5
40.69899,1.13156641,7.7E-5
40.70153,1.13162361,8.0E-5
40.70406,1.13167016,6.9E-5
40.70660,1.13161469,8.2E-5
40.70913,1.13157403,7.9E-5
40.71167,1.13150680,8.0E-5
40.71421,1.13157018,8.1E-5
40.71674,1.13159993,8.3E-5
40.71928,1.13170529,7.9E-5
40.72181,1.13165214,7.5E-5
40.72435,1.13157126,7.2E-5
40.72689,1.13154784,8.2E-5
40.72942,1.13151335,7.6E-5
40.73196,1.13145074,8.0E-5
40.73449,1.13160815,7.4E-5
40.73703,1.13158001,7.6E-5
40.73956,1.13158185,7.0E-5
40.74210,1.13150130,7.5E-5
40.74464,1.13164340,7.5E-5
40.74717,1.13160831,8.5E-5
40.74971,1.13142549,7.3E-5
40.75224,1.13157645,7.0E-5
40.75478,1.13152213,7.0E-5
40.75732,1.13153865,8.0E-5
40.75985,1.13158484,8.2E-5
40.76239,1.13162206,8.3E-5
40.76492,1.13152907,7.7E-5
40.76746,1.13152664,8.5E-5
40.76999,1.13160557,8.0E-5
40.77253,1.13156900,8.4E-5
40.77507,1.13148123,8.5E-5
40.77760,1.13156993,7.8E-5
40.78014,1.13164962,8.5E-5
40.78267,1.13154993,8.0E-5
40.78521,1.13153527,7.4E-5
40.78775,1.13154651,7.7E-5
40.79028,1.13154810,7.4E-5
40.79282,1.13155419,8.4E-5
40.79535,1.13148182,8.6E-5
40.79789,1.13162341,8.3E-5
40.80042,1.13162681,7.3E-5
40.80296,1.13156822,8.0E-5
40.80550,1.13152318,7.0E-5
40.80803,1.13152890,7.7E-5
40.81057,1.13155432,7.6E-5
40.81310,1.13156888,7.3E-5
40.81564,1.13158705,7.3E-5
40.81818,1.13155208,8.1E-5
40.82071,1.13153562,7.9E-5
40.82325,1.13163240,7.8E-5
40.82578,1.13166741,7.1E-5
40.82832,1.13168168,8.3E-5
40.83085,1.13160028,7.8E-5
40.83339,1.13159981,7.3E-5
40.83593,1.13151997,7.3E-5
40.83846,1.13157771,8.0E-5
40.84100,1.13167124,8.2E-5
40.84353,1.13156265,8.0E-5
40.84607,1.13160282,7.3E-5
40.84861,1.13163525,8.3E-5
40.85114,1.13154954,7.4E-5
40.85368,1.13160956,7.6E-5
40.85621,1.13156004,8.1E-5
40.85875,1.13149038,7.0E-5
40.86128,1.13154667,7.1E-5
40.86382,1.13146347,7.4E-5
40.86636,1.13151795,7.5E-5
40.86889,1.13162367,7.6E-5
40.87143,1.13148670,7.5E-5
40.87396,1.13153233,7.5E-5
40.87650,1.13160627,8.5E-5
40.87699,1.13156801,7.0E-5
40.87904,1.13164952,8.4E-5
40.87952,1.13158784,8.0E-5
40.88157,1.13154128,7.1E-5
40.88206,1.13164009,7.8E-5
40.88411,1.13172453,7.7E-5
40.88459,1.13157153,8.2E-5
40.88664,1.13159804,7.6E-5
40.88713,1.13153209,8.4E-5
40.88918,1.13155788,7.0E-5
40.88966,1.13157237,8.1E-5
40.89172,1.13163028,8.4E-5
40.89220,1.13170628,7.8E-5
40.89425,1.13164553,7.1E-5
40.89474,1.13148765,7.1E-5
40.89679,1.13152404,7.9E-5
40.89727,1.13157250,7.7E-5
40.89932,1.13164454,8.1E-5
40.89981,1.13160306,8.5E-5
40.90186,1.13158092,6.9E-5
40.90234,1.13158189,8.4E-5
40.90439,1.13161090,7.2E-5
40.90488,1.13157609,7.0E-5
40.90693,1.13163078,7.6E-5
40.90742,1.13158482,7.6E-5
40.90947,1.13163191,6.9E-5
40.90995,1.13161692,7.5E-5
40.91200,1.13149385,7.7E-5
40.91249,1.13154491,8.3E-5
40.91454,1.13167986,8.1E-5
40.91502,1.13164863,7.0E-5
40.91707,1.13150387,7.3E-5
40.91756,1.13155634,7.1E-5
40.91961,1.13149457,6.9E-5
40.92009,1.13151951,7.1E-5
40.92215,1.13149663,8.6E-5
40.92263,1.13168750,8.0E-5
40.92468,1.13164658,7.1E-5
40.92517,1.13160615,7.7E-5
40.92722,1.13157872,7.1E-5
40.92770,1.13166584,6.9E-5
40.92975,1.13159717,7.9E-5
40.93024,1.13156340,7.7E-5
40.93229,1.13157333,7.3E-5
40.93277,1.13157390,8.5E-5
40.93482,1.13146819,7.5E-5
40.93531,1.13144959,7.7E-5
40.93736,1.13155886,7.3E-5
40.93785,1.13149485,8.0E-5
40.93990,1.13155198,7.1E-5
40.94038,1.13157020,8.1E-5
40.94243,1.13154898,7.9E-5
40.94292,1.13149449,8.1E-5
40.94497,1.13155142,7.1E-5
40.94545,1.13151653,7.6E-5
40.94799,1.13155570,7.8E-5
40.95052,1.13157981,8.5E-5
40.95306,1.13162426,8.1E-5
40.95560,1.13163442,8.3E-5
40.95813,1.13159503,7.6E-5
40.96067,1.13149602,7.7E-5
40.96320,1.13152536,7.3E-5
40.96574,1.13153514,7.3E-5
40.96828,1.13155690,8.1E-5
40.97081,1.13154666,7.4E-5
40.97335,1.13156096,8.6E-5
40.97588,1.13162410,7.0E-5
40.97842,1.13161784,8.0E-5
40.98095,1.13150632,8.4E-5
40.98349,1.13158269,7.9E-5
40.98603,1.13156084,7.6E-5
40.98856,1.13156544,8.6E-5
40.99110,1.13154949,7.5E-5
40.99363,1.13150092,7.3E-5
40.99617,1.13173078,8.0E-5
40.99871,1.13162666,7.0E-5
41.00124,1.13165236,7.2E-5
41.00378,1.13158105,7.7E-5
41.00631,1.13149987,7.3E-5
41.00885,1.13164357,8.3E-5
41.01138,1.13161278,8.3E-5
41.01392,1.13154771,7.3E-5
41.01646,1.13155519,8.1E-5
41.01899,1.13154579,8.1E-5
41.02153,1.13158310,8.3E-5
41.02406,1.13155163,8.5E-5
41.02660,1.13149825,7.5E-5
41.02914,1.13160558,7.6E-5
41.03167,1.13156490,8.5E-5
41.03421,1.13162522,8.3E-5
41.03674,1.13167018,8.5E-5
41.03928,1.13156257,8.6E-5
41.04181,1.13163629,7.4E-5
41.04435,1.13156705,7.3E-5
41.04689,1.13163310,7.8E-5
41.04942,1.13162836,7.5E-5
41.05196,1.13152910,8.1E-5
41.05449,1.13160666,7.2E-5
41.05703,1.13161639,7.5E-5
41.05957,1.13146337,7.5E-5
41.06210,1.13156936,8.4E-5
41.06464,1.13163571,7.3E-5
41.06717,1.13148243,8.4E-5
41.06971,1.13160746,8.6E-5
41.07224,1.13156409,7.7E-5
41.07478,1.13154780,7.4E-5
41.07732,1.13154214,7.4E-5
41.07985,1.13153662,7.3E-5
41.08239,1.13175923,7.5E-5
41.08492,1.13165955,7.2E-5
41.08746,1.13160446,7.3E-5
41.09000,1.13164843,7.5E-5
41.09253,1.13150332,8.5E-5
41.09507,1.13148765,8.2E-5
41.09760,1.13158833,7.7E-5
41.10014,1.13150750,7.6E-5
41.10267,1.13155163,8.1E-5
41.10521,1.13154120,7.1E-5
41.10775,1.13157185,7.4E-5
41.11028,1.13145978,7.5E-5
41.11282,1.13157176,8.2E-5
41.11535,1.13149444,7.9E-5
41.11789,1.13160083,7.8E-5
41.12043,1.13157611,7.1E-5
41.12296,1.13151060,8.6E-5
41.12550,1.13148267,8.0E-5
41.12803,1.13163827,7.1E-5
41.13057,1.13158855,8.2E-5
41.13310,1.13162211,7.2E-5
41.13564,1.13161827,8.6E-5
41.13818,1.13166365,7.6E-5
41.14071,1.13153640,7.7E-5
41.14325,1.13155665,8.1E-5
41.14578,1.13153313,8.2E-5
41.14832,1.13167289,7.7E-5
41.15086,1.13160449,8.0E-5
41.15339,1.13154411,7.7E-5
41.15593,1.13143252,7.9E-5
41.15846,1.13162426,7.1E-5
41.16100,1.13158123,7.9E-5
41.16353,1.13169428,7.3E-5
41.16607,1.13150868,7.7E-5
41.16861,1.13169173,8.6E-5
41.17114,1.13160821,7.9E-5
41.17368,1.13164906,7.4E-5
41.17621,1.13157899,7.6E-5
41.17875,1.13163306,8.3E-5